,WSmax_43,WDmax_43,WS_43,STDwd_43,TD_43,RH_43,TDmax_43,TDmin_43,Grad_43,NIP_43,DiffR_43,WS1mm_43,Ws10mm_43,Time_43,Rain_43,Fail_43,East_43,North-West_43,West_43,South-West_43,South_43,North-East_43,North_43,South-East_43,WSmax_42,WDmax_42,WS_42,STDwd_42,TD_42,RH_42,TDmax_42,TDmin_42,Grad_42,NIP_42,DiffR_42,WS1mm_42,Ws10mm_42,Time_42,Rain_42,North-West_42,South-East_42,South-West_42,East_42,West_42,South_42,North-East_42,North_42,WSmax_41,WDmax_41,WS_41,STDwd_41,TD_41,RH_41,TDmax_41,TDmin_41,Grad_41,NIP_41,DiffR_41,WS1mm_41,Ws10mm_41,Time_41,Rain_41,Fail_41,East_41,North-West_41,West_41,South-West_41,South_41,North-East_41,North_41,South-East_41,WSmax_44,WDmax_44,WS_44,STDwd_44,TD_44,RH_44,TDmax_44,TDmin_44,Grad_44,NIP_44,DiffR_44,WS1mm_44,Ws10mm_44,Time_44,Rain_44,North-West_44,South-West_44,East_44,West_44,South_44,North-East_44,North_44,South-East_44,WSmax_78,WDmax_78,WS_78,STDwd_78,TD_78,RH_78,TDmax_78,TDmin_78,Grad_78,NIP_78,DiffR_78,WS1mm_78,Ws10mm_78,Time_78,Rain_78,South-East_78,South-West_78,East_78,North-West_78,West_78,South_78,North-East_78,North_78,WSmax_67,WDmax_67,WS_67,STDwd_67,TD_67,RH_67,TDmax_67,TDmin_67,Grad_67,NIP_67,DiffR_67,WS1mm_67,Ws10mm_67,Time_67,Rain_67,South-East_67,South-West_67,East_67,North-West_67,West_67,South_67,North-East_67,North_67,WSmax_186,WDmax_186,WS_186,STDwd_186,TD_186,RH_186,TDmax_186,TDmin_186,Grad_186,NIP_186,DiffR_186,WS1mm_186,Ws10mm_186,Time_186,Rain_186,South-East_186,South-West_186,East_186,North-West_186,West_186,South_186,North-East_186,North_186,WSmax_45,WDmax_45,WS_45,STDwd_45,TD_45,RH_45,TDmax_45,TDmin_45,Grad_45,NIP_45,DiffR_45,WS1mm_45,Ws10mm_45,Time_45,Rain_45,South-East_45,South-West_45,East_45,North-West_45,West_45,South_45,North-East_45,North_45,WSmax_343,WDmax_343,WS_343,STDwd_343,TD_343,RH_343,TDmax_343,TDmin_343,Grad_343,NIP_343,DiffR_343,WS1mm_343,Ws10mm_343,Time_343,Rain_343,North-East_343,North-West_343,South-East_343,South-West_343,West_343,North_343,East_343,South_343,WSmax_205,WDmax_205,WS_205,STDwd_205,TD_205,RH_205,TDmax_205,TDmin_205,Grad_205,NIP_205,DiffR_205,WS1mm_205,Ws10mm_205,Time_205,Rain_205,South-East_205,South-West_205,East_205,North-West_205,West_205,South_205,North-East_205,North_205
2019-08-01,,,,,26.18531468531468,72.5874125874126,26.370629370629377,26.00489510489511,330.46153846153845,341.3986013986014,51.88811188811189,,,,0.0,1,0,0,0,0,0,0,0,0,6.19699248120301,271.6616541353383,3.5406015037593965,19.21804511278197,24.733082706766915,80.59398496240601,24.854887218045093,24.61729323308269,351.91729323308266,,,4.722556390977443,3.7060150375939847,1227.6917293233082,0.0,0,1,0,0,0,0,0,0,,,,,28.976923076923075,66.47552447552448,29.16783216783217,28.776223776223787,,,,,,,0.0,1,0,0,0,0,0,0,0,0,3.4475524475524475,247.48951048951045,1.9027972027972029,17.934265734265736,27.266433566433573,74.48251748251748,27.466433566433558,27.075524475524468,,,,2.7167832167832167,2.0902097902097885,1173.1748251748252,0.0,0,1,0,0,0,0,0,0,4.342657342657345,298.3636363636364,2.198601398601399,21.582517482517492,27.79510489510489,74.08391608391608,27.96923076923077,27.641258741258742,,,,3.2251748251748253,2.391608391608392,1173.4405594405596,0.0,1,0,0,0,0,0,0,0,5.5496503496503475,262.5244755244755,3.8349650349650335,10.872027972027972,25.972727272727283,78.64335664335664,26.16573426573427,25.789510489510487,331.6503496503496,,,4.68111888111888,4.023776223776225,1173.944055944056,0.0,0,1,0,0,0,0,0,0,4.618881118881119,287.3216783216784,2.293006993006993,23.614685314685307,28.200699300699302,71.74825174825175,28.39650349650348,28.02867132867132,,,,3.3643356643356648,2.5160839160839155,1173.5594405594404,0.0,1,0,0,0,0,0,0,0,4.518881118881117,287.8251748251748,2.5545454545454547,17.791608391608392,26.834265734265745,73.25874125874124,26.976923076923104,26.679020979020986,,,,3.5167832167832165,2.734265734265735,1172.923076923077,0.0,1,0,0,0,0,0,0,0,3.9335664335664333,275.34265734265733,2.2888111888111884,20.63566433566433,28.135664335664345,72.4895104895105,28.354545454545445,27.90979020979021,,,,3.122377622377622,2.4748251748251757,1175.6363636363635,0.0,0,0,1,0,0,0,0,0,8.209090909090909,288.9020979020979,5.483216783216785,12.818881118881118,25.64055944055943,77.37762237762237,25.78181818181818,25.51608391608392,,,,6.7006993006992985,5.732867132867135,1174.5524475524476,0.0,1,0,0,0,0,0,0,0
2019-08-02,,,,,26.17638888888888,72.89583333333333,26.343750000000032,26.016666666666676,245.61111111111111,133.16666666666666,114.61805555555556,,,,0.0,1,0,0,0,0,0,0,0,0,8.139583333333334,255.63194444444446,5.077083333333332,16.676388888888894,24.04305555555557,83.7361111111111,24.17222222222221,23.93541666666667,211.61805555555557,,,6.393749999999999,5.3465277777777755,1181.5902777777776,0.0,0,0,1,0,0,0,0,0,,,,,28.87361111111112,65.7638888888889,29.0875,28.675694444444453,,,,,,,0.0,1,0,0,0,0,0,0,0,0,4.024305555555554,251.22222222222226,2.0118055555555556,21.546527777777772,28.06597222222224,71.59027777777777,28.309027777777786,27.82777777777777,,,,2.94097222222222,2.227083333333334,1181.5277777777776,0.0,0,1,0,0,0,0,0,0,4.672222222222223,286.2638888888889,2.0826388888888885,29.504861111111122,28.433333333333326,70.15972222222223,28.603472222222226,28.26111111111112,,,,3.318750000000001,2.3006944444444444,1181.923611111111,0.0,1,0,0,0,0,0,0,0,6.27430555555556,246.30555555555557,4.459027777777773,10.51666666666666,25.643055555555573,79.70833333333333,25.861805555555566,25.434027777777786,280.7430555555556,,,5.3305555555555575,4.648611111111109,1182.048611111111,0.0,0,1,0,0,0,0,0,0,4.147222222222224,244.0,2.134722222222221,20.150694444444433,27.66666666666667,70.1736111111111,27.912500000000005,27.423611111111132,,,,3.159722222222221,2.3840277777777765,1166.7430555555557,0.0,0,1,0,0,0,0,0,0,5.662499999999998,259.5625,3.1965277777777783,17.268055555555556,27.07638888888888,72.27777777777777,27.269444444444453,26.890277777777786,,,,4.315972222222224,3.4194444444444447,1182.2569444444443,0.0,0,1,0,0,0,0,0,0,4.4826388888888875,262.6805555555556,2.6701388888888893,18.411805555555556,28.31388888888889,71.83333333333333,28.559027777777793,28.082638888888887,,,,3.6090277777777775,2.8652777777777776,1182.2083333333333,0.0,0,0,0,1,0,0,0,0,7.8694444444444445,288.8680555555556,5.184722222222224,12.500694444444456,25.38750000000001,78.02083333333333,25.532638888888894,25.239583333333336,,,,6.391666666666665,5.415972222222222,1181.3541666666667,0.0,1,0,0,0,0,0,0,0
2019-08-03,,,,,26.00000000000001,74.39583333333333,26.15416666666667,25.844444444444445,292.90277777777777,232.32638888888889,95.57638888888887,,,,0.0,1,0,0,0,0,0,0,0,0,7.627777777777778,255.44444444444446,4.80625,15.709722222222226,24.034722222222207,84.74305555555556,24.169444444444448,23.90833333333334,268.5138888888889,,,6.0763888888888875,5.104861111111114,1165.7083333333333,0.0,0,0,1,0,0,0,0,0,,,,,28.786805555555574,67.3263888888889,29.02222222222223,28.584722222222233,,,,,,,0.0,1,0,0,0,0,0,0,0,0,3.253472222222223,205.83333333333331,1.6944444444444446,19.052777777777774,27.15347222222222,75.4236111111111,27.415277777777767,26.91249999999998,,,,2.497916666666666,1.870833333333334,1182.75,0.0,0,1,0,0,0,0,0,0,4.078472222222227,273.6736111111111,1.9388888888888896,26.23402777777779,27.839583333333348,73.125,28.03194444444443,27.65138888888889,,,,3.0361111111111097,2.173611111111112,1182.2708333333333,0.0,0,1,0,0,0,0,0,0,5.8583333333333325,245.625,4.028472222222224,11.393749999999995,25.640277777777786,80.7638888888889,25.84513888888889,25.44444444444445,307.6805555555556,,,4.929861111111112,4.220833333333331,1181.9375,0.0,0,1,0,0,0,0,0,0,3.669444444444444,242.88194444444446,1.870833333333333,20.925694444444442,27.456944444444442,72.45833333333333,27.70833333333333,27.22361111111111,,,,2.8173611111111097,2.0875,1181.8125,0.0,0,1,0,0,0,0,0,0,4.670833333333333,256.4236111111111,2.6645833333333333,17.606944444444434,26.88819444444445,74.1111111111111,27.07916666666668,26.713888888888878,,,,3.6118055555555535,2.8444444444444437,1182.3541666666667,0.0,0,1,0,0,0,0,0,0,3.4597222222222204,218.75694444444446,2.044444444444445,19.76319444444444,27.202777777777772,76.24305555555556,27.47777777777777,26.921527777777772,,,,2.796527777777777,2.226388888888889,1181.6319444444443,0.0,0,0,0,1,0,0,0,0,7.686805555555555,289.5555555555556,5.118749999999999,12.136111111111115,25.184722222222234,80.4236111111111,25.334027777777766,25.053472222222208,,,,6.2381944444444475,5.320138888888889,1180.638888888889,0.0,1,0,0,0,0,0,0,0
2019-08-04,,,,,26.44097222222223,76.72222222222223,26.58680555555557,26.31250000000001,315.0555555555556,295.2430555555556,67.34027777777777,,,,0.0,1,0,0,0,0,0,0,0,0,9.170212765957444,235.47517730496452,6.738297872340425,12.582269503546105,23.924822695035445,88.77304964539007,24.041134751773047,23.812765957446803,299.59027777777777,,,7.785815602836879,6.947517730496457,1185.950354609929,0.0,0,0,1,0,0,0,0,0,,,,,28.840277777777786,71.125,29.01388888888889,28.647916666666692,,,,,,,0.0,1,0,0,0,0,0,0,0,0,3.751388888888888,181.09027777777774,2.029166666666666,17.879861111111108,27.82083333333333,77.2361111111111,28.02708333333333,27.601388888888888,,,,2.8458333333333337,2.185416666666667,1181.1597222222224,0.0,0,1,0,0,0,0,0,0,3.668055555555557,229.29861111111111,1.7715277777777785,24.24722222222222,27.906944444444452,75.375,28.099305555555567,27.70555555555555,,,,2.6729166666666666,1.9791666666666676,1182.1319444444443,0.0,0,1,0,0,0,0,0,0,6.439583333333331,236.59722222222226,4.368055555555555,12.76527777777778,26.13055555555556,83.08333333333333,26.31736111111111,25.965277777777786,319.3680555555556,,,5.2847222222222205,4.569444444444444,1165.513888888889,0.0,0,1,0,0,0,0,0,0,3.783333333333335,232.00694444444446,2.0423611111111106,18.999999999999996,28.152083333333334,72.93055555555556,28.328472222222228,27.99513888888889,,,,2.9534722222222216,2.230555555555556,1164.7083333333333,0.0,0,1,0,0,0,0,0,0,5.0090277777777805,232.33333333333331,2.9347222222222222,17.156250000000004,26.80763888888889,78.24305555555556,26.972222222222207,26.649305555555554,,,,3.9437499999999983,3.1048611111111115,1181.5625,0.0,0,1,0,0,0,0,0,0,3.9791666666666674,203.38194444444446,2.3798611111111105,18.548611111111104,27.374999999999996,79.34027777777777,27.587500000000034,27.137500000000014,,,,3.2041666666666675,2.554861111111111,1165.923611111111,0.0,0,0,0,1,0,0,0,0,7.025694444444438,287.6111111111111,4.707638888888888,12.988888888888885,25.81666666666668,82.56944444444444,25.95000000000001,25.695138888888888,,,,5.74375,4.907638888888887,1181.1041666666667,0.0,1,0,0,0,0,0,0,0
2019-08-05,,,,,26.738194444444453,76.91666666666667,26.89305555555555,26.570833333333336,321.2361111111111,283.84027777777777,75.06944444444444,,,,0.0,1,0,0,0,0,0,0,0,0,8.665277777777778,239.59722222222226,5.870138888888887,15.89583333333333,24.232638888888896,88.55555555555556,24.352777777777785,24.101388888888888,284.0694444444445,,,7.092361111111108,6.190277777777776,1183.25,0.0,0,0,1,0,0,0,0,0,,,,,29.17291666666667,70.47916666666667,29.34791666666667,28.998611111111106,,,,,,,0.0,1,0,0,0,0,0,0,0,0,3.8749999999999982,183.46527777777774,2.0986111111111105,18.66875,28.07291666666667,77.85416666666667,28.28333333333332,27.863194444444442,,,,2.948611111111111,2.260416666666667,1181.763888888889,0.0,0,1,0,0,0,0,0,0,3.809027777777777,238.48611111111111,1.9986111111111107,23.28333333333334,28.28611111111111,75.77777777777777,28.466666666666665,28.10277777777777,,,,2.8763888888888887,2.2118055555555554,1181.888888888889,0.0,0,1,0,0,0,0,0,0,6.599999999999996,235.68055555555557,4.329861111111111,13.43819444444444,26.42430555555556,84.30555555555556,26.59097222222222,26.25625,293.6666666666667,,,5.343055555555557,4.520833333333332,1165.4305555555557,0.0,0,1,0,0,0,0,0,0,4.107638888888889,227.45138888888889,2.24375,19.979166666666664,28.43888888888889,74.0625,28.577083333333324,28.300000000000008,,,,3.22222222222222,2.459027777777778,1182.0347222222224,0.0,0,1,0,0,0,0,0,0,5.141666666666662,230.59722222222226,2.98263888888889,17.215277777777775,26.90763888888889,79.53472222222223,27.056944444444447,26.76736111111112,,,,3.9902777777777767,3.161111111111111,1180.5902777777776,0.0,0,1,0,0,0,0,0,0,3.879861111111107,212.25694444444446,2.370833333333333,17.586111111111116,27.617361111111123,79.84722222222223,27.800694444444453,27.43541666666667,,,,3.1368055555555565,2.519444444444445,1181.048611111111,0.0,0,0,0,1,0,0,0,0,6.364583333333332,273.15972222222223,4.259027777777779,12.907638888888883,25.97083333333333,83.64583333333333,26.106250000000006,25.847916666666666,,,,5.2631944444444505,4.475694444444444,1180.736111111111,0.0,1,0,0,0,0,0,0,0
2019-08-06,,,,,25.892361111111125,69.15277777777777,26.06805555555556,25.727777777777785,310.1944444444445,291.6666666666667,55.90972222222222,,,,0.0,1,0,0,0,0,0,0,0,0,7.18125,245.5625,4.493055555555554,16.648611111111116,23.87569444444444,77.29166666666667,24.027083333333334,23.727083333333322,314.0833333333333,,,5.748611111111113,4.773611111111111,1182.3125,0.0,0,0,1,0,0,0,0,0,,,,,28.63958333333333,62.41666666666666,28.861805555555566,28.418055555555558,,,,,,,0.0,1,0,0,0,0,0,0,0,0,3.7625,184.71527777777774,1.995138888888888,19.017361111111125,27.371527777777768,70.6875,27.612499999999994,27.12708333333335,,,,2.8479166666666664,2.165972222222221,1181.701388888889,0.0,0,1,0,0,0,0,0,0,3.834722222222224,232.49305555555557,1.928472222222222,21.70833333333334,27.48333333333333,67.46527777777777,27.709027777777788,27.27638888888889,,,,2.8409722222222222,2.1374999999999997,1181.701388888889,0.0,0,1,0,0,0,0,0,0,5.7256944444444455,233.15277777777774,3.7180555555555577,13.102083333333335,25.784722222222207,75.09722222222223,25.971527777777762,25.613194444444428,322.0763888888889,,,4.637499999999998,3.909722222222225,1180.5,0.0,0,1,0,0,0,0,0,0,4.054166666666667,205.70833333333331,2.2020833333333343,19.715277777777782,27.499305555555555,67.40972222222223,27.665277777777767,27.32291666666667,,,,3.18611111111111,2.41875,1181.1458333333333,0.0,0,1,0,0,0,0,0,0,5.061111111111111,235.47222222222226,2.8270833333333347,17.670833333333327,26.558333333333326,71.06944444444444,26.71666666666665,26.39305555555555,,,,3.9062500000000013,3.011111111111111,1181.8680555555557,0.0,0,1,0,0,0,0,0,0,3.68125,201.54861111111111,2.217361111111112,18.248611111111114,26.804166666666678,74.25694444444444,27.05624999999999,26.562500000000004,,,,2.9979166666666663,2.399305555555556,1181.5625,0.0,0,0,0,1,0,0,0,0,5.554166666666666,275.6805555555556,3.619444444444442,15.502777777777775,25.363194444444453,71.74305555555556,25.52083333333334,25.215277777777786,,,,4.559722222222223,3.8215277777777774,1166.3472222222224,0.0,1,0,0,0,0,0,0,0
2019-08-07,,,,,25.66382978723405,67.53191489361703,25.836879432624112,25.488652482269487,288.1914893617021,268.531914893617,61.730496453900706,,,,0.0,1,0,0,0,0,0,0,0,0,6.7735714285714295,246.25,4.461428571428568,14.164285714285716,23.98071428571428,74.47857142857143,24.094285714285718,23.86214285714284,297.2,,,5.516428571428573,4.705,1175.392857142857,0.0,0,0,1,0,0,0,0,0,,,,,28.189361702127663,62.624113475177296,28.389361702127662,27.986524822695042,,,,,,,0.0,1,0,0,0,0,0,0,0,0,3.995035460992906,202.7730496453901,2.163829787234042,19.165957446808513,26.802127659574467,71.02127659574468,26.993617021276602,26.621985815602827,,,,3.0659574468085085,2.3468085106382968,1173.0283687943265,0.0,0,1,0,0,0,0,0,0,3.8404255319148937,233.05673758865245,2.098581560283686,17.957446808510632,26.961702127659567,67.68794326241135,27.158156028368783,26.79007092198581,,,,2.9666666666666663,2.3085106382978724,1189.914893617021,0.0,0,1,0,0,0,0,0,0,5.7929078014184405,236.32624113475174,3.908510638297874,12.663829787234052,25.68014184397163,75.17021276595744,25.882978723404253,25.490070921985822,281.21276595744683,,,4.823404255319151,4.126241134751773,1189.1985815602834,0.0,0,1,0,0,0,0,0,0,3.814893617021277,219.5886524822695,1.873758865248228,23.61702127659575,26.90212765957447,66.82978723404256,27.097163120567387,26.722695035460987,,,,2.9028368794326247,2.102836879432624,1189.3617021276596,0.0,0,1,0,0,0,0,0,0,5.082269503546098,243.12765957446808,2.931205673758865,17.087943262411347,26.410638297872357,71.64539007092198,26.558865248226947,26.27163120567378,,,,3.929078014184398,3.1184397163120567,1188.3049645390072,0.0,0,1,0,0,0,0,0,0,3.7049645390070913,214.87234042553192,2.228368794326241,18.885815602836878,27.012056737588647,69.29787234042553,27.232624113475186,26.790070921985826,,,,2.97659574468085,2.36950354609929,1171.4184397163122,0.0,0,0,0,1,0,0,0,0,5.822695035460992,233.39007092198585,3.8163120567375888,15.009929078014178,25.224113475177287,68.60283687943263,25.37446808510638,25.08085106382979,,,,4.779432624113475,4.0085106382978735,1189.1702127659576,0.0,0,1,0,0,0,0,0,0
2019-08-08,,,,,26.01388888888888,74.0763888888889,26.17361111111111,25.85833333333333,299.9236111111111,261.28472222222223,74.71527777777777,,,,0.0,1,0,0,0,0,0,0,0,0,6.89375,263.7083333333333,4.516666666666667,13.721527777777775,24.17777777777778,81.60416666666667,24.309027777777786,24.05624999999999,278.0,,,5.621527777777777,4.715972222222224,1181.3680555555557,0.0,0,0,1,0,0,0,0,0,,,,,28.45,66.85416666666667,28.668055555555547,28.244444444444433,,,,,,,0.0,1,0,0,0,0,0,0,0,0,3.49236111111111,205.57638888888889,1.9388888888888884,17.994444444444458,26.595833333333346,76.65972222222223,26.831250000000008,26.381944444444446,,,,2.764583333333334,2.114583333333332,1182.0208333333333,0.0,0,1,0,0,0,0,0,0,4.031944444444443,251.77777777777774,1.9812500000000008,20.62569444444446,27.23333333333336,73.16666666666667,27.440277777777787,27.04722222222223,,,,3.00625,2.1999999999999993,1182.0972222222224,0.0,0,1,0,0,0,0,0,0,5.549305555555557,256.4236111111111,3.8444444444444437,11.742361111111109,25.71597222222222,79.54166666666667,25.93125,25.520138888888894,297.2013888888889,,,4.695138888888888,4.043055555555553,1166.25,0.0,0,1,0,0,0,0,0,0,4.2798611111111144,259.1805555555556,2.1701388888888893,21.59236111111111,27.476388888888888,69.83333333333333,27.665972222222237,27.302777777777766,,,,3.1451388888888903,2.3756944444444437,1182.5833333333333,0.0,0,1,0,0,0,0,0,0,4.6340277777777805,247.70833333333331,2.6916666666666664,16.030555555555555,26.453472222222217,75.65972222222223,26.59513888888889,26.309027777777768,,,,3.5881944444444436,2.8673611111111104,1180.923611111111,0.0,0,1,0,0,0,0,0,0,3.526388888888889,234.4375,2.090972222222223,19.331250000000004,26.82500000000001,77.13194444444444,27.05972222222222,26.60416666666665,,,,2.7972222222222225,2.2500000000000004,1182.736111111111,0.0,0,0,0,1,0,0,0,0,7.927777777777778,289.0,5.321527777777779,11.475694444444446,25.243749999999995,79.71527777777777,25.386805555555547,25.11111111111111,,,,6.461805555555557,5.534027777777778,1181.826388888889,0.0,1,0,0,0,0,0,0,0
2019-08-09,,,,,26.37222222222221,73.06944444444444,26.50833333333333,26.24027777777778,330.0416666666667,364.40972222222223,44.97916666666666,,,,0.0,1,0,0,0,0,0,0,0,0,9.790972222222218,247.09027777777774,6.544444444444448,15.602083333333342,23.882638888888877,83.94444444444444,24.009722222222212,23.749999999999996,303.7083333333333,,,7.8909722222222225,6.82777777777778,1181.8194444444443,0.0,0,0,1,0,0,0,0,0,,,,,28.868055555555557,67.05555555555556,29.08472222222223,28.66180555555555,,,,,,,0.0,1,0,0,0,0,0,0,0,0,4.0875,212.65277777777774,2.1326388888888874,18.6875,27.562500000000004,75.19444444444444,27.81875000000001,27.30138888888888,,,,3.0687500000000005,2.3277777777777793,1181.4166666666667,0.0,0,1,0,0,0,0,0,0,4.600694444444441,265.9236111111111,2.1708333333333343,26.06041666666667,28.42430555555556,69.69444444444444,28.62013888888889,28.26736111111112,,,,3.334722222222221,2.388194444444444,1167.4791666666667,0.0,0,1,0,0,0,0,0,0,7.487499999999998,241.35416666666663,5.232638888888891,11.268055555555543,25.7375,81.59027777777777,25.91180555555555,25.57430555555554,324.6944444444445,,,6.247222222222218,5.438194444444443,1165.6805555555557,0.0,0,1,0,0,0,0,0,0,4.874999999999999,238.25,2.6611111111111105,17.42916666666666,27.811805555555548,69.9375,27.974305555555553,27.648611111111112,,,,3.754166666666667,2.860416666666668,1164.826388888889,0.0,0,1,0,0,0,0,0,0,5.6868055555555586,246.22222222222226,3.3180555555555555,16.190972222222232,26.590972222222234,76.61805555555556,26.72083333333333,26.451388888888893,,,,4.367361111111111,3.50138888888889,1181.9930555555557,0.0,0,1,0,0,0,0,0,0,4.397222222222221,242.23611111111111,2.574305555555556,20.011805555555547,27.96319444444445,74.16666666666667,28.247222222222234,27.67083333333333,,,,3.515277777777777,2.767361111111111,1166.0347222222224,0.0,0,0,0,1,0,0,0,0,8.106250000000003,284.7569444444445,5.537500000000002,11.46458333333333,25.409722222222218,78.40972222222223,25.55069444444446,25.292361111111106,,,,6.681250000000001,5.740277777777782,1165.298611111111,0.0,1,0,0,0,0,0,0,0
2019-08-10,,,,,26.13263888888887,71.625,26.265277777777772,26.00625,322.3958333333333,332.7569444444445,56.868055555555564,,,,0.0,1,0,0,0,0,0,0,0,0,9.943055555555553,244.06944444444446,6.384722222222223,17.929166666666664,23.65347222222222,82.08333333333333,23.78194444444444,23.517361111111104,283.1041666666667,,,7.761805555555557,6.6694444444444425,1181.888888888889,0.0,0,0,1,0,0,0,0,0,,,,,28.746527777777793,65.3611111111111,28.97916666666667,28.52916666666667,,,,,,,0.0,1,0,0,0,0,0,0,0,0,3.83263888888889,212.61111111111111,1.9305555555555558,21.4875,27.483333333333324,72.4861111111111,27.74791666666668,27.236805555555566,,,,2.8555555555555534,2.100694444444446,1181.4722222222224,0.0,0,1,0,0,0,0,0,0,4.620138888888894,263.8680555555556,2.1555555555555554,27.45902777777779,28.1222222222222,68.72222222222223,28.321527777777767,27.92152777777777,,,,3.3562500000000006,2.3951388888888903,1182.3541666666667,0.0,0,1,0,0,0,0,0,0,7.552777777777778,242.3125,5.263888888888889,11.281250000000005,25.45208333333335,80.1736111111111,25.64236111111112,25.274305555555557,314.0833333333333,,,6.257638888888889,5.484722222222217,1181.548611111111,0.0,0,1,0,0,0,0,0,0,4.575694444444443,245.36111111111111,2.4201388888888893,19.807638888888885,27.5625,70.1111111111111,27.73611111111111,27.39166666666667,,,,3.518749999999998,2.634722222222224,1182.0208333333333,0.0,0,1,0,0,0,0,0,0,5.664583333333334,245.98611111111111,3.2499999999999982,16.468055555555555,26.5,73.3125,26.66180555555556,26.363888888888887,,,,4.372916666666669,3.4666666666666632,1165.9097222222224,0.0,0,1,0,0,0,0,0,0,4.729861111111111,264.46527777777777,2.8034722222222235,16.150000000000006,28.25486111111111,70.77083333333333,28.546527777777772,27.963888888888892,,,,3.7756944444444462,3.0159722222222234,1166.701388888889,0.0,0,0,0,1,0,0,0,0,7.804166666666671,284.375,5.177777777777779,12.186111111111105,25.12986111111111,78.5486111111111,25.270138888888887,24.99583333333334,,,,6.343055555555555,5.409027777777778,1165.0625,0.0,1,0,0,0,0,0,0,0
2019-08-11,,,,,26.15347222222221,74.625,26.300694444444442,26.00138888888889,316.21527777777777,322.3888888888889,58.76388888888889,,,,0.0,1,0,0,0,0,0,0,0,0,8.026388888888885,253.875,5.2875,15.011805555555565,23.86458333333333,85.02777777777777,23.9875,23.75138888888888,298.21527777777777,,,6.515972222222217,5.541666666666668,1181.7847222222224,0.0,0,0,1,0,0,0,0,0,,,,,28.994444444444426,67.94444444444444,29.184027777777768,28.805555555555557,,,,,,,0.0,1,0,0,0,0,0,0,0,0,3.683333333333332,216.11805555555557,2.0402777777777783,17.10833333333334,27.20833333333334,76.75,27.415972222222234,26.988888888888898,,,,2.8486111111111128,2.2041666666666657,1164.6527777777776,0.0,0,1,0,0,0,0,0,0,4.363194444444444,285.27777777777777,2.1298611111111105,26.819444444444443,28.240972222222233,72.19444444444444,28.39305555555556,28.09236111111113,,,,3.2111111111111112,2.341666666666665,1181.3541666666667,0.0,1,0,0,0,0,0,0,0,6.519444444444443,249.83333333333331,4.54375,11.23402777777778,25.520138888888887,82.70833333333333,25.70347222222223,25.33680555555557,307.0833333333333,,,5.447916666666668,4.727777777777777,1182.6805555555557,0.0,0,1,0,0,0,0,0,0,4.655555555555553,254.38888888888889,2.4611111111111126,19.413194444444443,27.597916666666666,73.21527777777777,27.76527777777777,27.438194444444427,,,,3.4604166666666654,2.653472222222223,1181.0277777777776,0.0,0,1,0,0,0,0,0,0,5.074999999999998,257.7430555555556,2.9895833333333326,16.229166666666664,26.292361111111106,77.7638888888889,26.45069444444445,26.14236111111111,,,,3.981250000000002,3.1805555555555536,1182.1180555555557,0.0,0,1,0,0,0,0,0,0,3.966666666666667,246.45138888888889,2.3125,21.56527777777778,27.631944444444446,75.88194444444444,27.88888888888889,27.36805555555555,,,,3.2125,2.4923611111111135,1182.0694444444443,0.0,0,0,0,1,0,0,0,0,7.715277777777781,291.2083333333333,5.075694444444445,12.683333333333335,25.34861111111111,80.99305555555556,25.49791666666665,25.21388888888889,,,,6.293750000000001,5.302777777777775,1181.8958333333333,0.0,1,0,0,0,0,0,0,0
2019-08-12,,,,,26.357638888888907,75.40972222222223,26.49375,26.218750000000014,328.2027972027972,377.09027777777777,41.125,,,,0.0,1,0,0,0,0,0,0,0,0,8.25555555555556,250.375,6.180555555555552,10.574305555555554,24.081944444444442,86.3263888888889,24.184027777777786,23.974305555555574,329.6041666666667,,,7.111805555555555,6.39861111111111,1181.8819444444443,0.0,0,0,1,0,0,0,0,0,,,,,29.254861111111122,68.21527777777777,29.44375,29.061805555555573,,,,,,,0.0,1,0,0,0,0,0,0,0,0,3.3555555555555547,186.72222222222226,1.8437500000000004,17.43888888888889,26.915972222222234,78.96527777777777,27.13055555555556,26.697916666666664,,,,2.6298611111111097,2.011805555555556,1181.0625,0.0,0,1,0,0,0,0,0,0,4.238888888888892,270.84027777777777,2.1875000000000004,21.582638888888887,28.175,74.7361111111111,28.34097222222222,28.04166666666667,,,,3.1694444444444456,2.41527777777778,1182.8819444444443,0.0,0,1,0,0,0,0,0,0,5.990277777777773,241.47916666666663,4.108333333333333,11.653472222222213,25.93611111111111,82.35416666666667,26.12291666666667,25.764583333333345,320.7569444444445,,,4.98888888888889,4.301388888888886,1181.111111111111,0.0,0,1,0,0,0,0,0,0,4.2222222222222205,250.54861111111111,2.2305555555555565,20.729166666666664,28.476388888888888,69.36805555555556,28.652083333333326,28.29583333333333,,,,3.215972222222224,2.44375,1166.3472222222224,0.0,0,1,0,0,0,0,0,0,4.664583333333335,250.68055555555557,2.7618055555555565,16.126388888888883,26.478472222222226,79.30555555555556,26.628472222222232,26.336805555555557,,,,3.6659722222222215,2.941666666666665,1181.0277777777776,0.0,0,1,0,0,0,0,0,0,3.5687500000000005,212.32638888888889,2.158333333333333,20.665972222222205,27.34513888888889,79.33333333333333,27.590277777777782,27.112500000000008,,,,2.8875,2.315277777777777,1182.3472222222224,0.0,0,0,0,1,0,0,0,0,8.47222222222222,287.6805555555556,5.755555555555558,11.722222222222216,25.700000000000006,81.7638888888889,25.820138888888888,25.570138888888888,,,,6.950694444444443,5.975,1165.6805555555557,0.0,1,0,0,0,0,0,0,0
2019-08-13,,,,,26.927083333333343,71.9375,27.113194444444453,26.738194444444453,318.96478873239437,138.86315789473684,52.02777777777778,,,,0.0,1,0,0,0,0,0,0,0,0,6.488194444444442,274.2916666666667,4.2569444444444455,15.51180555555555,25.422916666666676,72.8263888888889,25.570138888888888,25.272222222222233,318.6111111111111,,,5.238194444444441,4.456249999999997,1182.1458333333333,0.0,0,1,0,0,0,0,0,0,,,,,29.088194444444447,71.88194444444444,29.285416666666656,28.894444444444428,,,,,,,0.0,1,0,0,0,0,0,0,0,0,3.0430555555555565,192.04166666666663,1.690972222222222,17.331250000000004,26.958333333333336,82.44444444444444,27.179166666666674,26.734027777777772,,,,2.410416666666668,1.847916666666665,1165.6666666666667,0.0,0,1,0,0,0,0,0,0,3.498611111111111,253.75694444444446,1.8951388888888887,16.347222222222214,27.33333333333333,80.90277777777777,27.509722222222226,27.174305555555538,,,,2.636805555555555,2.0819444444444444,1181.201388888889,0.0,0,1,0,0,0,0,0,0,5.415972222222219,249.31944444444446,3.8277777777777766,11.211111111111105,26.706944444444442,80.81944444444444,26.914583333333322,26.52222222222222,310.9930555555556,,,4.558333333333334,3.9840277777777766,1183.2083333333333,0.0,0,1,0,0,0,0,0,0,3.7013888888888906,226.97916666666663,1.8006944444444442,27.179166666666678,28.76388888888891,70.875,28.927777777777766,28.593055555555548,,,,2.688888888888888,2.01875,1166.0694444444443,0.0,0,1,0,0,0,0,0,0,4.157638888888889,248.61805555555557,2.529166666666667,15.148611111111107,26.70138888888889,80.875,26.84513888888889,26.559027777777782,,,,3.3284722222222225,2.686111111111111,1165.263888888889,0.0,0,1,0,0,0,0,0,0,3.3118055555555563,196.04861111111111,2.0701388888888896,15.68958333333334,26.76458333333335,79.72916666666667,27.019444444444453,26.522222222222233,,,,2.715277777777777,2.214583333333334,1182.5416666666667,0.0,0,0,0,1,0,0,0,0,8.424305555555552,281.03472222222223,5.966666666666665,10.519444444444435,26.03958333333333,82.15277777777777,26.176388888888894,25.905555555555576,,,,7.025694444444442,6.170138888888888,1166.236111111111,0.0,1,0,0,0,0,0,0,0
2019-08-14,,,,,26.649305555555557,71.96527777777777,26.790277777777767,26.49583333333333,296.6111111111111,21.046511627906977,57.0625,,,,0.0,1,0,0,0,0,0,0,0,0,7.277777777777778,254.13194444444446,5.154861111111114,12.505555555555553,24.63958333333333,81.75,24.77500000000001,24.503472222222232,307.0486111111111,,,6.175694444444442,5.388888888888892,1183.25,0.0,0,0,1,0,0,0,0,0,,,,,29.328472222222228,66.79166666666667,29.51805555555555,29.143749999999994,,,,,,,0.0,1,0,0,0,0,0,0,0,0,3.349305555555554,200.38888888888889,1.7861111111111108,19.097222222222236,26.960416666666674,79.65972222222223,27.14722222222223,26.76388888888889,,,,2.620833333333332,1.9590277777777767,1183.2777777777776,0.0,0,1,0,0,0,0,0,0,3.7638888888888906,235.71527777777774,1.8763888888888896,23.782638888888894,27.37986111111111,76.39583333333333,27.575000000000006,27.19652777777777,,,,2.827777777777777,2.09375,1182.6944444444443,0.0,0,1,0,0,0,0,0,0,5.822627737226275,253.80291970802918,4.110948905109492,11.448905109489047,26.012408759124078,79.15328467153284,26.20218978102189,25.83503649635036,309.3541666666667,,,4.9218978102189785,4.294160583941611,1188.5255474452554,0.0,0,1,0,0,0,0,0,0,4.09861111111111,251.4375,2.0229166666666654,24.890972222222228,28.68194444444445,65.6736111111111,28.877083333333353,28.488194444444453,,,,3.070833333333334,2.2333333333333334,1181.6180555555557,0.0,0,1,0,0,0,0,0,0,4.838194444444444,250.59027777777774,2.847916666666668,16.737500000000008,26.62499999999999,80.0,26.76805555555553,26.48888888888888,,,,3.812500000000003,3.0416666666666665,1164.4027777777776,0.0,0,1,0,0,0,0,0,0,3.4847222222222216,216.35416666666663,2.093055555555556,19.01111111111112,26.06736111111111,79.0,26.29097222222222,25.840277777777796,,,,2.8402777777777777,2.268055555555556,1181.9166666666667,0.0,0,0,0,1,0,0,0,0,8.150694444444444,286.8611111111111,5.634722222222222,11.469444444444445,25.75416666666668,79.52083333333333,25.88333333333334,25.62638888888889,,,,6.7965277777777775,5.85208333333333,1181.201388888889,0.0,1,0,0,0,0,0,0,0
2019-08-15,,,,,26.824305555555572,61.743055555555564,27.047222222222228,26.609027777777783,289.34722222222223,103.5681818181818,67.45833333333333,,,,0.0,1,0,0,0,0,0,0,0,0,4.88455882352941,198.44852941176467,2.873529411764705,18.53897058823529,25.6125,65.02205882352939,25.763970588235306,25.46911764705882,260.58823529411757,,,3.8551470588235297,3.098529411764706,1183.8088235294115,0.0,0,0,1,0,0,0,0,0,,,,,28.3875,66.63235294117646,28.619852941176482,28.1639705882353,,,,,,,0.0,1,0,0,0,0,0,0,0,0,3.475735294117648,191.30882352941174,1.910294117647059,20.806617647058815,26.505882352941185,70.34558823529412,26.73088235294117,26.313970588235307,,,,2.7147058823529417,2.0970588235294114,1182.9117647058827,0.0,0,1,0,0,0,0,0,0,3.493382352941178,224.32352941176467,1.9852941176470589,18.785294117647066,27.363235294117636,73.23529411764707,27.558823529411754,27.177205882352943,,,,2.7455882352941168,2.172058823529412,1182.9705882352941,0.0,0,1,0,0,0,0,0,0,5.027007299270073,193.37956204379563,3.4467153284671523,13.416058394160585,26.387591240875913,65.57664233576642,26.570802919708022,26.198540145985408,278.3649635036496,,,4.225547445255475,3.6211678832116787,1167.6788321167885,0.0,0,1,0,0,0,0,0,0,3.531617647058823,192.13235294117646,1.8455882352941175,21.386764705882353,27.438235294117643,68.86764705882354,27.612499999999994,27.27426470588236,,,,2.6360294117647056,2.0308823529411764,1167.3602941176468,0.0,0,1,0,0,0,0,0,0,4.594160583941606,195.52554744525548,2.7,16.440875912408753,26.982481751824803,66.62043795620438,27.135036496350363,26.847445255474447,,,,3.5620437956204385,2.8802919708029195,1184.6496350364964,0.0,0,1,0,0,0,0,0,0,3.5493055555555566,193.98611111111111,2.0694444444444438,20.52013888888889,26.442361111111122,77.5,26.707638888888887,26.206944444444453,,,,2.8631944444444466,2.250694444444444,1165.7152777777776,0.0,0,0,0,1,0,0,0,0,5.149264705882351,225.80147058823533,3.383823529411765,14.563970588235295,26.200735294117642,67.57352941176471,26.357352941176465,26.041176470588226,,,,4.24705882352941,3.5830882352941167,1183.8235294117646,0.0,0,1,0,0,0,0,0,0
2019-08-16,,,,,27.538194444444446,52.09722222222222,27.76250000000001,27.323611111111106,318.3286713286713,180.0108695652174,39.493055555555564,,,,0.0,1,0,0,0,0,0,0,0,0,3.763194444444444,227.33333333333331,1.8263888888888888,28.081250000000008,28.15625000000001,48.194444444444436,28.340277777777786,27.988194444444442,317.59722222222223,,,2.774305555555556,2.024305555555556,1165.0347222222224,0.0,0,0,1,0,0,0,0,0,,,,,28.215972222222227,60.38888888888889,28.459722222222208,27.98958333333334,,,,,,,0.0,1,0,0,0,0,0,0,0,0,3.4180555555555565,217.5625,2.039583333333334,16.978472222222234,26.82986111111112,62.57638888888889,27.059027777777786,26.620833333333326,,,,2.760416666666666,2.2062500000000016,1183.111111111111,0.0,0,1,0,0,0,0,0,0,3.688888888888889,251.75694444444446,2.1645833333333333,16.01041666666667,27.418750000000014,60.875,27.648611111111123,27.17361111111112,,,,2.9222222222222216,2.3548611111111097,1164.8541666666667,0.0,0,1,0,0,0,0,0,0,4.995138888888887,200.59722222222226,3.6006944444444438,10.951388888888884,28.21597222222222,47.02777777777778,28.438194444444427,28.02152777777778,319.40277777777777,,,4.338194444444444,3.786111111111111,1183.0208333333333,0.0,0,1,0,0,0,0,0,0,3.8388888888888864,218.96527777777774,1.9923611111111108,23.61111111111112,28.479861111111106,52.72222222222222,28.68125000000001,28.290277777777767,,,,2.8430555555555563,2.207638888888888,1181.6180555555557,0.0,0,1,0,0,0,0,0,0,4.415277777777773,226.30555555555557,2.636805555555556,16.70694444444445,28.112500000000008,56.631944444444436,28.261805555555554,27.968750000000004,,,,3.4215277777777784,2.8000000000000003,1166.0069444444443,0.0,0,1,0,0,0,0,0,0,3.931249999999999,174.38194444444446,2.341666666666667,16.353472222222212,26.013888888888875,69.59722222222223,26.23263888888889,25.780555555555548,,,,3.1368055555555547,2.5354166666666678,1182.125,0.0,0,0,0,1,0,0,0,0,6.178472222222222,214.46527777777774,4.199305555555558,14.739583333333329,28.32361111111112,41.4375,28.492361111111123,28.161111111111122,,,,5.132638888888889,4.384722222222224,1181.736111111111,0.0,0,1,0,0,0,0,0,0
2019-08-17,,,,,26.117361111111112,74.15277777777777,26.27569444444445,25.952777777777783,263.3125,194.53472222222226,96.26388888888887,,,,0.0,1,0,0,0,0,0,0,0,0,7.530555555555557,263.15972222222223,4.831944444444447,14.69583333333333,24.164583333333322,83.06944444444444,24.274305555555557,24.04652777777777,252.73611111111111,,,6.036805555555558,5.058333333333336,1182.3680555555557,0.0,0,0,1,0,0,0,0,0,,,,,29.038194444444446,66.8263888888889,29.23958333333334,28.851388888888888,,,,,,,0.0,1,0,0,0,0,0,0,0,0,3.5284722222222213,218.5625,1.9250000000000005,17.58125,27.063888888888894,76.3888888888889,27.269444444444453,26.85763888888889,,,,2.7333333333333334,2.1097222222222234,1181.7708333333333,0.0,0,1,0,0,0,0,0,0,3.968055555555555,256.71527777777777,1.990972222222222,22.64791666666666,27.48263888888891,73.8125,27.67152777777779,27.3,,,,2.9888888888888885,2.2041666666666675,1165.7569444444443,0.0,0,1,0,0,0,0,0,0,6.1375,252.20138888888889,4.268055555555557,12.08472222222222,25.610416666666676,75.54166666666667,25.82986111111111,25.411805555555553,300.5625,,,5.180555555555556,4.475000000000001,1165.5347222222224,0.0,0,1,0,0,0,0,0,0,4.300694444444447,250.76388888888889,2.1611111111111105,22.28194444444444,27.69791666666667,71.7361111111111,27.918055555555558,27.503472222222214,,,,3.2361111111111134,2.373611111111111,1165.2152777777776,0.0,0,1,0,0,0,0,0,0,4.827777777777778,260.50694444444446,2.7388888888888903,17.38680555555556,26.752777777777766,75.4513888888889,26.89652777777779,26.629861111111122,,,,3.7298611111111097,2.9354166666666672,1165.6458333333333,0.0,0,1,0,0,0,0,0,0,3.474305555555558,225.26388888888889,2.052083333333334,22.289583333333344,26.954166666666676,76.14583333333333,27.195138888888888,26.715277777777782,,,,2.7993055555555566,2.220833333333334,1165.9305555555557,0.0,0,0,0,1,0,0,0,0,8.120833333333335,291.9930555555556,5.449305555555558,11.880555555555556,25.33819444444446,79.55555555555556,25.46805555555556,25.20347222222223,,,,6.629166666666666,5.690277777777778,1182.4027777777776,0.0,1,0,0,0,0,0,0,0
2019-08-18,,,,,26.19148936170213,71.71631205673759,26.342553191489355,26.05035460992908,294.22695035460987,291.55319148936167,54.43262411347518,,,,0.0,1,0,0,0,0,0,0,0,0,8.158865248226952,249.24822695035462,5.124822695035462,16.409219858156032,24.09645390070921,80.85106382978724,24.215602836879434,23.95957446808511,281.71631205673765,,,6.456028368794332,5.406382978723405,1191.113475177305,0.0,0,0,1,0,0,0,0,0,,,,,28.81489361702127,65.36170212765957,29.032624113475176,28.602836879432612,,,,,,,0.0,1,0,0,0,0,0,0,0,0,3.66595744680851,201.87943262411343,1.884397163120568,20.67517730496453,27.546099290780138,72.72340425531915,27.786524822695046,27.31560283687945,,,,2.7460992907801427,2.0659574468085107,1191.276595744681,0.0,0,1,0,0,0,0,0,0,4.1645390070921975,261.16312056737587,1.9021276595744687,28.156737588652483,28.28510638297873,68.02836879432624,28.48581560283688,28.106382978723406,,,,2.912056737588652,2.098581560283689,1173.1985815602834,0.0,0,1,0,0,0,0,0,0,5.974468085106385,239.3404255319149,4.117021276595745,11.329078014184393,25.836879432624126,72.55319148936171,26.046099290780145,25.67021276595745,300.86524822695037,,,5.046099290780145,4.317021276595745,1190.5886524822695,0.0,0,1,0,0,0,0,0,0,4.243971631205671,224.22695035460998,2.2907801418439706,21.815602836879435,27.9468085106383,67.23404255319149,28.16241134751772,27.745390070921975,,,,3.323404255319149,2.5397163120567368,1191.2624113475176,0.0,0,1,0,0,0,0,0,0,5.428368794326241,248.39007092198585,3.1638297872340413,16.350354609929074,26.97588652482269,71.95744680851064,27.137588652482272,26.827659574468093,,,,4.21418439716312,3.379432624113475,1191.1063829787233,0.0,0,1,0,0,0,0,0,0,4.552083333333332,247.8125,2.6500000000000004,17.22638888888889,28.08958333333333,72.16666666666667,28.334027777777788,27.854166666666675,,,,3.6249999999999987,2.8465277777777773,1166.4375,0.0,0,0,0,1,0,0,0,0,6.8128571428571405,283.9357142857143,4.576428571428571,11.630714285714278,25.47142857142857,76.72142857142858,25.60357142857142,25.344999999999985,,,,5.610714285714287,4.804999999999998,1193.892857142857,0.0,1,0,0,0,0,0,0,0
2019-08-19,,,,,25.325000000000006,66.6388888888889,25.50694444444443,25.152777777777768,305.5486111111111,331.2916666666667,52.70138888888889,,,,0.0,1,0,0,0,0,0,0,0,0,7.234722222222219,243.90277777777774,4.638888888888889,14.455555555555554,23.605555555555572,73.3611111111111,23.75555555555556,23.45486111111112,310.3680555555556,,,5.857638888888888,4.913194444444446,1182.0,0.0,0,0,1,0,0,0,0,0,,,,,28.01319444444444,60.694444444444436,28.247916666666654,27.79791666666665,,,,,,,0.0,1,0,0,0,0,0,0,0,0,4.147916666666669,183.07638888888889,2.2416666666666667,17.192361111111108,26.7375,68.18055555555556,26.94166666666666,26.52569444444444,,,,3.158333333333333,2.409027777777777,1182.5833333333333,0.0,0,1,0,0,0,0,0,0,4.006250000000001,215.38888888888889,2.138888888888888,19.84097222222223,26.94722222222222,65.38194444444444,27.215277777777768,26.700694444444448,,,,3.0847222222222235,2.366666666666666,1181.5208333333333,0.0,0,1,0,0,0,0,0,0,5.411111111111113,234.61111111111111,3.5534722222222217,13.020833333333336,25.39652777777779,67.4375,25.580555555555573,25.218750000000004,307.8541666666667,,,4.4625,3.760416666666666,1182.8680555555557,0.0,0,1,0,0,0,0,0,0,3.759027777777779,215.57638888888889,1.9131944444444442,22.773611111111112,27.01041666666667,65.68055555555556,27.238888888888887,26.79444444444445,,,,2.880555555555554,2.1444444444444444,1165.5833333333333,0.0,0,1,0,0,0,0,0,0,4.943749999999998,235.19444444444446,2.91875,16.452083333333334,26.122222222222227,68.49305555555556,26.285416666666674,25.974305555555574,,,,3.8527777777777774,3.116666666666665,1181.7916666666667,0.0,0,1,0,0,0,0,0,0,4.395138888888888,192.98611111111111,2.6527777777777786,15.363888888888885,26.20416666666667,70.9375,26.46319444444445,25.963888888888878,,,,3.505555555555554,2.838194444444445,1165.125,0.0,0,0,0,1,0,0,0,0,5.80902777777778,239.50694444444446,3.674999999999999,15.878472222222221,24.95069444444444,68.375,25.1326388888889,24.78055555555556,,,,4.783333333333338,3.9569444444444435,1164.8472222222224,0.0,0,1,0,0,0,0,0,0
2019-08-20,,,,,25.641666666666666,69.72222222222223,25.808333333333334,25.47361111111111,287.90277777777777,299.21527777777777,58.930555555555564,,,,0.0,1,0,0,0,0,0,0,0,0,6.184027777777778,254.86111111111111,3.9187500000000006,15.725694444444455,23.94305555555555,77.0486111111111,24.09791666666666,23.790277777777767,270.5416666666667,,,5.00763888888889,4.154166666666667,1182.0833333333333,0.0,0,0,1,0,0,0,0,0,,,,,27.96736111111111,65.28472222222223,28.176388888888887,27.75833333333333,,,,,,,0.0,1,0,0,0,0,0,0,0,0,3.9340277777777786,199.54166666666663,2.1659722222222233,19.365277777777766,26.93958333333334,72.14583333333333,27.17430555555555,26.690277777777773,,,,3.0222222222222217,2.345833333333333,1165.8402777777776,0.0,0,1,0,0,0,0,0,0,3.6527777777777786,228.20833333333331,1.9256944444444448,21.284027777777773,26.66666666666668,70.61805555555556,26.85972222222223,26.468055555555573,,,,2.802083333333333,2.111805555555556,1166.013888888889,0.0,0,1,0,0,0,0,0,0,5.13125,245.52083333333331,3.4159722222222224,12.612500000000002,25.41527777777778,71.16666666666667,25.634722222222226,25.207638888888894,301.97222222222223,,,4.284027777777776,3.592361111111112,1180.9166666666667,0.0,0,1,0,0,0,0,0,0,3.5729166666666683,220.95138888888889,1.7409722222222217,23.299305555555566,26.582638888888887,69.94444444444444,26.77569444444445,26.375000000000004,,,,2.6791666666666667,1.9388888888888893,1166.1875,0.0,0,1,0,0,0,0,0,0,4.901388888888887,245.02777777777774,2.784722222222221,17.002083333333342,26.24027777777779,72.72916666666667,26.39305555555556,26.09930555555555,,,,3.8118055555555577,2.96875,1181.736111111111,0.0,0,1,0,0,0,0,0,0,3.6368055555555565,193.93055555555557,2.1965277777777756,15.754861111111113,26.370833333333344,73.90277777777777,26.6201388888889,26.125694444444452,,,,2.9138888888888888,2.3416666666666672,1181.0694444444443,0.0,0,0,0,1,0,0,0,0,5.891666666666665,267.02777777777777,3.7368055555555535,15.347222222222225,25.064583333333353,71.81944444444444,25.218750000000004,24.902083333333344,,,,4.780555555555555,3.9638888888888864,1181.826388888889,0.0,0,1,0,0,0,0,0,0
2019-08-21,,,,,26.300694444444453,68.8263888888889,26.48263888888888,26.11597222222223,305.4930555555556,108.23157894736843,40.020833333333336,,,,0.0,1,0,0,0,0,0,0,0,0,4.877083333333333,292.9791666666667,2.3486111111111097,27.350694444444446,25.246527777777768,73.38194444444444,25.376388888888897,25.120138888888906,312.7430555555556,,,3.563888888888888,2.5708333333333333,1165.0972222222224,0.0,0,1,0,0,0,0,0,0,,,,,29.0625,64.3263888888889,29.245138888888878,28.878472222222232,,,,,,,0.0,1,0,0,0,0,0,0,0,0,3.2861111111111097,202.06944444444446,1.8000000000000007,17.86944444444444,26.41736111111112,75.0625,26.5986111111111,26.24861111111111,,,,2.581249999999999,1.9618055555555567,1182.298611111111,0.0,0,1,0,0,0,0,0,0,3.7881944444444446,244.09722222222226,1.9986111111111111,17.745138888888892,27.18888888888889,73.2638888888889,27.403472222222234,26.981250000000006,,,,2.876388888888888,2.180555555555556,1181.0277777777776,0.0,0,1,0,0,0,0,0,0,5.149305555555556,287.1180555555556,3.4659722222222213,12.61249999999999,26.26875,67.9236111111111,26.47430555555555,26.06875000000001,319.0,,,4.340277777777779,3.6673611111111097,1181.701388888889,0.0,1,0,0,0,0,0,0,0,4.652083333333336,284.5833333333333,2.380555555555554,23.249999999999986,27.63958333333333,68.31944444444444,27.82361111111112,27.456249999999994,,,,3.4006944444444436,2.5847222222222235,1182.1597222222224,0.0,1,0,0,0,0,0,0,0,4.61875,302.21527777777777,2.589583333333332,17.86736111111111,26.981250000000006,71.0763888888889,27.130555555555553,26.838888888888878,,,,3.5756944444444425,2.790972222222221,1182.4652777777776,0.0,1,0,0,0,0,0,0,0,3.5965277777777778,226.23611111111111,2.0770833333333334,21.282638888888897,26.951388888888896,74.46527777777777,27.177777777777788,26.71666666666668,,,,2.870138888888889,2.254861111111112,1164.888888888889,0.0,0,0,0,1,0,0,0,0,7.622222222222224,298.3263888888889,4.888888888888889,13.604166666666675,25.78194444444443,70.64583333333333,25.918055555555572,25.643750000000008,,,,6.1194444444444445,5.141666666666667,1181.3402777777776,0.0,1,0,0,0,0,0,0,0
2019-08-22,,,,,26.795833333333324,70.20833333333333,26.962499999999995,26.627777777777773,314.09027777777777,42.85,37.305555555555564,,,,0.0,1,0,0,0,0,0,0,0,0,5.234722222222222,243.34027777777774,2.702083333333334,24.67361111111111,25.52083333333333,76.65972222222223,25.64930555555555,25.4,314.75,,,3.900694444444445,2.9041666666666663,1166.0902777777776,0.0,0,0,1,0,0,0,0,0,,,,,28.565277777777773,68.71527777777777,28.774305555555557,28.349305555555574,,,,,,,0.0,1,0,0,0,0,0,0,0,0,3.627777777777777,224.67361111111111,2.1611111111111114,14.943055555555556,26.40486111111112,78.15277777777777,26.575,26.229861111111106,,,,2.8590277777777784,2.3187500000000005,1165.8055555555557,0.0,0,1,0,0,0,0,0,0,3.7736111111111095,254.04861111111111,2.120833333333333,15.728472222222226,26.804861111111123,76.49305555555556,27.005555555555574,26.62708333333333,,,,2.904861111111111,2.2881944444444446,1165.8402777777776,0.0,0,1,0,0,0,0,0,0,4.781944444444443,277.02777777777777,3.3513888888888896,11.952777777777774,26.475694444444443,71.4861111111111,26.663888888888877,26.299999999999994,315.0416666666667,,,4.109722222222222,3.5145833333333347,1181.3402777777776,0.0,1,0,0,0,0,0,0,0,4.329166666666668,266.6180555555556,2.216666666666666,22.84652777777779,27.82222222222221,69.96527777777777,27.99166666666667,27.65069444444445,,,,3.1569444444444437,2.3979166666666663,1181.8333333333333,0.0,1,0,0,0,0,0,0,0,4.858333333333332,286.75,2.7687500000000007,16.964583333333326,26.86041666666668,74.86805555555556,26.997222222222234,26.73680555555556,,,,3.748611111111111,2.95,1164.9722222222224,0.0,1,0,0,0,0,0,0,0,3.799305555555556,169.5,2.2701388888888903,17.643055555555552,26.867361111111112,76.21527777777777,27.08750000000001,26.65902777777778,,,,3.023611111111112,2.4263888888888894,1165.3680555555557,0.0,0,1,0,0,0,0,0,0,7.327083333333332,290.3819444444445,4.640277777777778,14.48055555555555,26.24513888888889,68.59027777777777,26.40763888888889,26.10000000000001,,,,5.845833333333335,4.867361111111113,1182.1597222222224,0.0,1,0,0,0,0,0,0,0
2019-08-23,,,,,27.452083333333334,69.0763888888889,27.59861111111111,27.296527777777772,304.8819444444445,1.7666666666666666,42.46527777777778,,,,0.0,1,0,0,0,0,0,0,0,0,5.945833333333333,158.38194444444446,3.0451388888888875,28.240277777777766,26.189583333333346,74.125,26.322222222222234,26.055555555555554,305.7638888888889,,,4.286111111111111,3.2590277777777783,1182.111111111111,0.0,1,0,0,0,0,0,0,0,,,,,29.30208333333333,69.78472222222223,29.481944444444476,29.120833333333348,,,,,,,0.0,1,0,0,0,0,0,0,0,0,4.161805555555556,262.4305555555556,2.4819444444444456,13.999999999999995,27.33402777777779,78.19444444444444,27.49791666666665,27.176388888888887,,,,3.221527777777779,2.6381944444444443,1180.9027777777776,0.0,0,1,0,0,0,0,0,0,4.418055555555551,295.2916666666667,2.480555555555556,15.301388888888885,27.53333333333333,76.66666666666667,27.71249999999999,27.38055555555555,,,,3.3208333333333333,2.645833333333335,1181.5625,0.0,1,0,0,0,0,0,0,0,4.724305555555556,274.1805555555556,3.3694444444444467,12.438194444444447,27.08819444444445,70.71527777777777,27.284722222222207,26.90138888888889,302.1666666666667,,,4.060416666666668,3.5312500000000018,1182.6666666666667,0.0,1,0,0,0,0,0,0,0,5.806944444444443,292.0555555555556,2.8916666666666657,22.903472222222234,28.621527777777768,69.4513888888889,28.79236111111113,28.461111111111112,,,,4.0277777777777795,3.0986111111111114,1182.2569444444443,0.0,1,0,0,0,0,0,0,0,5.318749999999998,311.9791666666667,2.906944444444445,19.22986111111112,27.409027777777773,76.50694444444444,27.52986111111111,27.29513888888888,,,,3.940972222222221,3.093055555555555,1182.4791666666667,0.0,1,0,0,0,0,0,0,0,4.428472222222223,164.875,2.6173611111111126,15.339583333333328,27.25555555555555,77.58333333333333,27.45208333333334,27.065277777777766,,,,3.466666666666668,2.783333333333333,1165.638888888889,0.0,0,1,0,0,0,0,0,0,7.369444444444443,271.5555555555556,4.889583333333332,15.18125000000001,27.21319444444445,62.52083333333334,27.377083333333324,27.0375,,,,6.003472222222222,5.122916666666666,1181.9305555555557,0.0,1,0,0,0,0,0,0,0
2019-08-24,,,,,27.572916666666675,74.13194444444444,27.71249999999999,27.424305555555534,302.4513888888889,,42.611111111111114,,,,0.0,1,0,0,0,0,0,0,0,0,5.202777777777778,260.25694444444446,2.7895833333333333,25.657638888888897,26.136805555555554,82.6111111111111,26.261111111111113,26.01458333333335,301.0833333333333,,,3.934027777777776,3.0118055555555547,1181.4027777777776,0.0,0,1,0,0,0,0,0,0,,,,,30.17013888888888,70.70833333333333,30.340277777777768,29.98472222222223,,,,,,,0.0,1,0,0,0,0,0,0,0,0,3.0784722222222225,215.04861111111111,1.7451388888888892,14.342361111111124,27.72013888888889,81.16666666666667,27.868055555555557,27.565972222222232,,,,2.4166666666666656,1.9,1181.111111111111,0.0,0,1,0,0,0,0,0,0,3.9243055555555566,265.46527777777777,2.097222222222224,15.927083333333346,27.93055555555555,81.22222222222223,28.094444444444452,27.780555555555555,,,,2.9527777777777797,2.277777777777778,1182.5833333333333,0.0,0,1,0,0,0,0,0,0,5.268750000000002,274.9236111111111,3.72013888888889,10.176388888888887,26.97083333333333,78.56944444444444,27.149305555555554,26.80694444444445,301.7638888888889,,,4.504166666666666,3.878472222222221,1182.361111111111,0.0,1,0,0,0,0,0,0,0,5.071527777777779,312.0694444444445,2.6381944444444447,21.53680555555555,29.24097222222223,70.4236111111111,29.38819444444445,29.10625000000002,,,,3.6861111111111087,2.840277777777779,1181.826388888889,0.0,1,0,0,0,0,0,0,0,4.454166666666668,302.4791666666667,2.5652777777777778,17.370833333333334,27.540277777777792,81.27777777777777,27.64305555555555,27.43125,,,,3.4659722222222222,2.733333333333334,1182.9166666666667,0.0,1,0,0,0,0,0,0,0,3.4951388888888886,192.68055555555557,2.1125000000000007,15.945138888888895,27.88541666666667,80.375,28.10486111111112,27.68611111111111,,,,2.7881944444444446,2.2715277777777794,1181.9652777777776,0.0,0,0,0,1,0,0,0,0,8.759722222222223,284.40277777777777,6.17986111111111,10.461111111111117,26.695138888888888,77.63194444444444,26.820138888888877,26.57152777777778,,,,7.251388888888892,6.3597222222222225,1182.0555555555557,0.0,1,0,0,0,0,0,0,0
2019-08-25,,,,,26.97430555555556,75.1875,27.1375,26.81597222222223,306.72222222222223,,39.611111111111114,,,,0.0,1,0,0,0,0,0,0,0,0,6.220279720279723,238.11888111888112,4.140559440559442,14.732167832167828,25.126573426573444,85.10489510489509,25.234965034965054,25.020279720279717,307.8881118881119,,,5.12937062937063,4.33846153846154,1182.8741258741259,0.0,0,0,1,0,0,0,0,0,,,,,29.411888111888103,70.74125874125876,29.5937062937063,29.211888111888122,,,,,,,0.0,1,0,0,0,0,0,0,0,0,3.3349650349650335,172.83216783216784,1.850349650349652,17.171328671328684,27.383216783216767,79.43356643356644,27.56783216783216,27.204195804195805,,,,2.60979020979021,2.007692307692308,1183.3566433566434,0.0,1,0,0,0,0,0,0,0,3.4706293706293687,244.93006993006992,1.8965034965034973,15.851048951048961,27.49370629370629,79.8041958041958,27.674825174825177,27.315384615384623,,,,2.655244755244756,2.071328671328672,1183.2797202797206,0.0,0,1,0,0,0,0,0,0,5.215384615384616,259.8951048951049,3.5608391608391594,11.795804195804198,26.532867132867146,77.77622377622376,26.714685314685322,26.361538461538462,295.8811188811189,,,4.366433566433568,3.7475524475524438,1183.1538461538462,0.0,0,1,0,0,0,0,0,0,3.7902097902097904,235.6993006993007,1.8657342657342657,25.117482517482518,28.67342657342657,72.10489510489509,28.864335664335666,28.49510489510489,,,,2.813986013986012,2.053146853146853,1166.93006993007,0.0,0,1,0,0,0,0,0,0,4.395833333333332,247.74305555555557,2.5652777777777787,17.147916666666664,27.054861111111112,79.60416666666667,27.18333333333333,26.92847222222223,,,,3.4375000000000013,2.7208333333333345,1166.1319444444443,0.0,0,1,0,0,0,0,0,0,3.4458333333333324,173.63888888888889,2.135416666666666,15.85277777777778,27.023611111111123,78.14583333333333,27.26458333333333,26.772916666666678,,,,2.8090277777777786,2.2958333333333325,1182.1944444444443,0.0,0,0,0,1,0,0,0,0,7.409790209790213,282.6643356643357,5.124475524475523,10.992307692307687,26.12727272727273,80.7062937062937,26.260139860139862,25.988811188811198,,,,6.160839160839157,5.320279720279718,1166.9650349650349,0.0,1,0,0,0,0,0,0,0
2019-08-26,,,,,26.66180555555555,71.36805555555556,26.83888888888889,26.47708333333333,307.09722222222223,23.28205128205128,35.013888888888886,,,,0.0,1,0,0,0,0,0,0,0,0,4.7048611111111125,248.46527777777774,2.4298611111111112,22.553472222222233,25.486111111111104,78.8263888888889,25.602777777777767,25.35902777777777,307.0763888888889,,,3.5131944444444434,2.6375,1182.8958333333333,0.0,0,0,1,0,0,0,0,0,,,,,28.64999999999999,71.44444444444444,28.859027777777772,28.45555555555555,,,,,,,0.0,1,0,0,0,0,0,0,0,0,3.236111111111112,213.15972222222226,1.7999999999999998,16.976388888888902,26.503472222222218,79.83333333333333,26.668749999999992,26.34236111111111,,,,2.505555555555555,1.9541666666666664,1183.076388888889,0.0,0,1,0,0,0,0,0,0,3.784027777777777,262.5,2.0874999999999995,16.72222222222222,26.81180555555556,78.95833333333333,26.988194444444453,26.618055555555557,,,,2.94375,2.2819444444444437,1166.2916666666667,0.0,0,1,0,0,0,0,0,0,4.728472222222224,277.59027777777777,3.3381944444444445,11.096527777777775,26.42083333333333,74.65277777777777,26.617361111111123,26.23402777777777,304.40277777777777,,,4.047916666666667,3.520138888888889,1181.6458333333333,0.0,1,0,0,0,0,0,0,0,4.2854166666666655,276.53472222222223,2.088888888888888,26.140277777777786,28.22361111111111,69.97916666666667,28.406944444444427,28.038194444444443,,,,3.1145833333333357,2.2847222222222228,1181.513888888889,0.0,1,0,0,0,0,0,0,0,4.345833333333333,272.6388888888889,2.5166666666666675,17.027083333333334,26.78333333333333,78.25694444444444,26.929861111111123,26.64791666666667,,,,3.38125,2.6965277777777783,1181.2152777777776,0.0,1,0,0,0,0,0,0,0,3.5131944444444434,164.45833333333334,2.110416666666667,17.143750000000004,26.484615384615378,75.64335664335664,26.730769230769237,26.23986013986015,,,,2.8006944444444435,2.2680555555555557,1182.4583333333333,0.0,0,0,0,1,0,0,0,0,6.518750000000006,258.5486111111111,4.505555555555556,13.349305555555553,25.981690140845064,68.02112676056338,26.13450704225353,25.8281690140845,,,,5.422222222222223,4.731944444444447,1182.736111111111,0.0,0,1,0,0,0,0,0,0
2019-08-27,,,,,26.345138888888897,75.50694444444444,26.495138888888913,26.193055555555574,290.125,13.243243243243244,61.6875,,,,0.0,1,0,0,0,0,0,0,0,0,4.988194444444444,245.23611111111111,2.6326388888888896,22.190972222222232,25.111111111111104,82.77083333333333,25.215277777777768,25.011805555555547,291.7430555555556,,,3.763888888888888,2.8506944444444446,1182.2291666666667,0.0,0,0,1,0,0,0,0,0,,,,,28.665277777777785,71.64583333333333,28.849305555555574,28.453472222222228,,,,,,,0.0,1,0,0,0,0,0,0,0,0,3.703472222222225,235.53472222222226,2.125694444444444,18.018749999999986,26.725694444444446,79.84722222222223,26.89097222222221,26.57916666666665,,,,2.893749999999999,2.279861111111111,1181.6319444444443,0.0,0,1,0,0,0,0,0,0,4.164583333333334,277.9513888888889,2.2409722222222235,18.972222222222218,27.02708333333333,77.38194444444444,27.210416666666664,26.850694444444446,,,,3.156944444444445,2.4423611111111123,1164.7916666666667,0.0,1,0,0,0,0,0,0,0,5.084722222222224,269.56944444444446,3.5451388888888897,10.881944444444445,26.130555555555574,78.38194444444444,26.347222222222218,25.95625,288.2569444444445,,,4.388194444444442,3.733333333333333,1166.9930555555557,0.0,0,1,0,0,0,0,0,0,4.539583333333335,266.4791666666667,2.197222222222221,25.28125,28.0,72.78472222222223,28.184027777777793,27.808333333333348,,,,3.2444444444444436,2.395833333333334,1181.3055555555557,0.0,1,0,0,0,0,0,0,0,4.531944444444447,264.6111111111111,2.5805555555555553,17.75277777777778,26.629861111111087,79.5138888888889,26.75972222222221,26.493749999999995,,,,3.4840277777777784,2.7749999999999986,1182.298611111111,0.0,0,1,0,0,0,0,0,0,4.165972222222224,193.0,2.421527777777777,19.182638888888885,27.379861111111122,70.56944444444444,27.610416666666676,27.136111111111113,,,,3.2694444444444444,2.5958333333333323,1181.4444444444443,0.0,0,0,0,1,0,0,0,0,7.5625,269.9305555555556,5.178472222222221,12.941666666666672,25.82708333333333,66.18055555555556,25.986805555555566,25.663888888888888,,,,6.252777777777778,5.394444444444442,1182.4305555555557,0.0,0,1,0,0,0,0,0,0
2019-08-28,,,,,26.623611111111124,76.15277777777777,26.76527777777777,26.47777777777778,293.6111111111111,299.375,55.368055555555564,,,,0.0,1,0,0,0,0,0,0,0,0,6.355555555555558,261.4791666666667,4.303472222222224,14.176388888888884,24.772222222222208,85.78472222222223,24.87291666666667,24.663888888888877,279.6041666666667,,,5.277777777777776,4.529166666666668,1166.513888888889,0.0,0,0,1,0,0,0,0,0,,,,,29.51666666666665,70.1875,29.703472222222214,29.32291666666666,,,,,,,0.0,1,0,0,0,0,0,0,0,0,3.302083333333334,211.34027777777774,1.8548611111111108,17.163194444444443,27.409722222222218,78.85416666666667,27.61944444444445,27.190972222222232,,,,2.5624999999999982,2.002083333333333,1182.6527777777776,0.0,0,1,0,0,0,0,0,0,3.8298611111111103,256.46527777777777,2.0013888888888887,19.139583333333324,27.749305555555573,77.9861111111111,27.915277777777792,27.579166666666666,,,,2.88125,2.1958333333333333,1165.3402777777776,0.0,0,1,0,0,0,0,0,0,5.458333333333332,254.22222222222226,3.747222222222223,11.672222222222226,26.154861111111106,79.29166666666667,26.347916666666666,25.995138888888906,289.0833333333333,,,4.6201388888888895,3.956944444444447,1165.8055555555557,0.0,0,1,0,0,0,0,0,0,3.939583333333333,262.4236111111111,1.9763888888888888,23.956944444444442,28.508333333333344,73.25694444444444,28.694444444444446,28.322222222222226,,,,2.9423611111111097,2.2055555555555557,1182.3402777777776,0.0,0,1,0,0,0,0,0,0,4.317361111111114,261.1180555555556,2.479166666666666,17.007638888888884,27.10833333333333,78.1736111111111,27.261111111111106,26.96805555555556,,,,3.3750000000000013,2.6569444444444423,1182.1527777777776,0.0,0,1,0,0,0,0,0,0,3.1791666666666667,192.72916666666663,1.9166666666666656,18.668055555555554,27.22916666666667,78.19444444444444,27.46180555555557,26.99930555555556,,,,2.595138888888888,2.072222222222221,1164.9930555555557,0.0,0,0,0,1,0,0,0,0,8.181250000000006,293.9444444444445,5.5381944444444455,11.817361111111113,25.74027777777779,78.24305555555556,25.886111111111106,25.59722222222223,,,,6.715972222222218,5.768750000000002,1166.138888888889,0.0,1,0,0,0,0,0,0,0
2019-08-29,,,,,26.793750000000006,76.44444444444444,26.935416666666665,26.652083333333334,284.625,269.6388888888889,62.548611111111114,,,,0.0,1,0,0,0,0,0,0,0,0,6.185416666666665,262.4236111111111,3.984722222222224,15.366666666666662,24.963888888888892,86.125,25.068750000000016,24.84513888888889,276.27777777777777,,,5.030555555555557,4.222222222222224,1181.486111111111,0.0,0,0,1,0,0,0,0,0,,,,,29.412500000000005,72.00694444444444,29.58888888888889,29.222222222222218,,,,,,,0.0,1,0,0,0,0,0,0,0,0,3.4506944444444447,211.33333333333331,1.9472222222222224,16.469444444444445,27.41388888888891,80.15972222222223,27.603472222222212,27.224999999999994,,,,2.697222222222221,2.118750000000001,1167.125,0.0,0,1,0,0,0,0,0,0,3.8500000000000014,249.91666666666663,2.0465277777777784,18.375,27.783333333333346,78.66666666666667,27.961805555555557,27.625694444444452,,,,2.931944444444445,2.2326388888888897,1165.3541666666667,0.0,0,1,0,0,0,0,0,0,5.488194444444446,255.57638888888889,3.749305555555556,12.08194444444445,26.272916666666678,80.15972222222223,26.47430555555555,26.08819444444444,278.90972222222223,,,4.621527777777779,3.9340277777777786,1181.826388888889,0.0,0,1,0,0,0,0,0,0,4.156944444444445,248.11111111111111,2.148611111111111,20.76736111111113,28.330555555555538,74.9513888888889,28.507638888888888,28.159722222222207,,,,3.079861111111111,2.338888888888888,1182.75,0.0,0,1,0,0,0,0,0,0,4.529861111111114,260.84722222222223,2.63472222222222,16.003472222222232,27.05833333333334,79.8125,27.20208333333335,26.92361111111112,,,,3.5083333333333324,2.8312499999999985,1181.5208333333333,0.0,0,1,0,0,0,0,0,0,3.3451388888888887,202.61805555555557,1.9673611111111111,18.877777777777787,27.318750000000023,79.375,27.56597222222223,27.1,,,,2.7055555555555553,2.1611111111111114,1182.0902777777776,0.0,0,0,0,1,0,0,0,0,7.904166666666664,292.1180555555556,5.412499999999998,11.633333333333335,25.770833333333343,79.72222222222223,25.90902777777778,25.65208333333334,,,,6.449305555555554,5.635416666666665,1182.0,0.0,1,0,0,0,0,0,0,0
2019-08-30,,,,,26.71041666666667,76.36805555555556,26.84513888888888,26.579166666666694,296.7291666666667,326.7708333333333,46.131944444444436,,,,0.0,1,0,0,0,0,0,0,0,0,7.8131944444444414,257.56944444444446,5.486805555555555,12.1125,24.584027777777766,87.52777777777777,24.698611111111106,24.47916666666667,283.09722222222223,,,6.597222222222222,5.731249999999998,1183.0347222222224,0.0,0,0,1,0,0,0,0,0,,,,,29.62777777777778,70.1388888888889,29.82222222222221,29.45,,,,,,,0.0,1,0,0,0,0,0,0,0,0,3.2791666666666663,221.14583333333331,1.7423611111111104,19.08472222222222,27.609722222222217,79.24305555555556,27.84583333333334,27.384722222222226,,,,2.5722222222222237,1.9138888888888888,1182.4166666666667,0.0,0,1,0,0,0,0,0,0,4.034722222222223,262.7916666666667,2.0743055555555547,22.53680555555556,28.097916666666666,77.5,28.27986111111111,27.93125,,,,3.048611111111111,2.2999999999999994,1182.0347222222224,0.0,0,1,0,0,0,0,0,0,5.909722222222223,252.86111111111111,4.154861111111111,11.044444444444444,26.345833333333346,79.9375,26.52708333333333,26.185416666666665,295.27777777777777,,,5.001388888888886,4.34236111111111,1166.2083333333333,0.0,0,1,0,0,0,0,0,0,4.092361111111111,262.13194444444446,2.0138888888888893,23.39722222222223,28.77152777777779,71.6875,28.959027777777766,28.59583333333333,,,,3.058333333333336,2.248611111111112,1180.8055555555557,0.0,0,1,0,0,0,0,0,0,4.854166666666666,270.77777777777777,2.850694444444445,16.193749999999998,27.22083333333333,78.7361111111111,27.36180555555555,27.096527777777762,,,,3.822916666666668,3.0354166666666678,1165.0555555555557,0.0,0,1,0,0,0,0,0,0,3.370833333333333,203.56944444444446,1.9986111111111107,21.506249999999994,27.46875000000001,79.2013888888889,27.72222222222223,27.195833333333344,,,,2.7319444444444447,2.1659722222222224,1182.7083333333333,0.0,0,0,0,1,0,0,0,0,8.052083333333336,288.7013888888889,5.418055555555554,11.712499999999993,25.68333333333333,79.56944444444444,25.81666666666667,25.55833333333334,,,,6.554861111111113,5.625000000000001,1181.4652777777776,0.0,1,0,0,0,0,0,0,0
2019-08-31,,,,,26.724305555555567,75.30555555555556,26.882638888888888,26.554861111111112,298.2708333333333,168.1089108910891,44.03472222222222,,,,0.0,1,0,0,0,0,0,0,0,0,7.024999999999998,266.8263888888889,4.621527777777776,16.36666666666667,24.74791666666667,86.0486111111111,24.863888888888894,24.62291666666668,294.6041666666667,,,5.83125,4.890277777777778,1181.5,0.0,0,1,0,0,0,0,0,0,,,,,29.163888888888888,71.3125,29.37361111111112,28.965972222222234,,,,,,,0.0,1,0,0,0,0,0,0,0,0,3.5048611111111114,180.81944444444446,1.9590277777777785,16.611805555555556,27.043750000000006,80.2986111111111,27.25833333333333,26.84166666666665,,,,2.734027777777777,2.1277777777777787,1181.423611111111,0.0,0,1,0,0,0,0,0,0,3.5770833333333343,254.70138888888889,1.9180555555555556,21.68958333333333,27.693750000000005,78.84027777777777,27.8875,27.51736111111111,,,,2.7590277777777783,2.1159722222222217,1181.7430555555557,0.0,0,1,0,0,0,0,0,0,5.651388888888889,254.70833333333331,3.8513888888888888,12.070833333333335,26.042361111111113,82.0138888888889,26.21805555555556,25.86111111111111,298.21527777777777,,,4.697222222222225,4.0375000000000005,1181.9305555555557,0.0,0,1,0,0,0,0,0,0,3.9743055555555578,229.40972222222226,2.0055555555555555,25.518750000000008,28.39722222222223,74.70833333333333,28.611805555555566,28.16944444444445,,,,3.0777777777777784,2.2388888888888894,1182.1666666666667,0.0,0,1,0,0,0,0,0,0,4.689583333333334,267.69444444444446,2.7000000000000006,16.88402777777777,26.722222222222218,81.15972222222223,26.852777777777767,26.59583333333333,,,,3.6326388888888905,2.8888888888888893,1181.8194444444443,0.0,0,1,0,0,0,0,0,0,3.3458333333333337,174.20138888888889,1.9923611111111108,21.40555555555555,26.98333333333334,80.60416666666667,27.259722222222226,26.72569444444445,,,,2.7208333333333337,2.1826388888888895,1181.861111111111,0.0,0,1,0,0,0,0,0,0,7.079166666666668,287.3958333333333,4.808333333333337,12.50833333333333,25.834027777777766,77.83333333333333,25.992361111111126,25.676388888888887,,,,5.867361111111113,4.997916666666667,1181.7430555555557,0.0,1,0,0,0,0,0,0,0
2019-09-01,,,,,24.4,87.0,24.5,24.3,0.0,2.0,0.0,,,,0.0,1,0,0,0,0,0,0,0,0,2.9,295.0,1.6,22.5,23.2,96.0,23.2,23.2,0.0,,,2.2,1.8,2356.0,0.0,0,1,0,0,0,0,0,0,,,,,26.4,86.0,26.5,26.4,,,,,,,0.0,1,0,0,0,0,0,0,0,0,1.4,139.0,1.0,10.7,22.8,92.0,23.0,22.8,,,,1.3,1.0,2353.0,0.0,1,0,0,0,0,0,0,0,1.1,296.0,0.5,9.7,24.1,91.0,24.2,24.0,,,,0.8,0.5,0.0,0.0,1,0,0,0,0,0,0,0,2.6,236.0,2.2,6.0,23.3,96.0,23.4,23.2,0.0,,,2.4,2.6,2351.0,0.0,0,1,0,0,0,0,0,0,1.3,286.0,0.8,12.8,24.5,93.0,24.6,24.5,,,,1.2,0.9,2354.0,0.0,1,0,0,0,0,0,0,0,1.3,311.0,0.8,8.7,25.4,88.0,25.4,25.3,,,,1.2,1.1,2351.0,0.0,1,0,0,0,0,0,0,0,2.0,76.0,1.5,3.8,21.0,92.0,21.2,21.0,,,,1.8,1.5,0.0,0.0,1,0,0,0,0,0,0,0,5.0,287.0,3.7,10.0,22.9,78.0,23.0,22.9,,,,4.2,3.7,2353.0,0.0,1,0,0,0,0,0,0,0
