,,,,,,,,,TD,TDmax_3,TD_3,TDmin_3,TDmax_2,TD_2,TDmin_2,TDmax_1,TDmin_1,TD_1,TDmin,TDmax
2018,1,1,0,0,0,0,1,-1,8.88472222222222,20.23472674188013,20.068963318872203,19.904582981628177,20.203029752722085,20.037612975142967,19.873554360745842,20.1739982198863,19.84519325292622,20.008897481792406,8.829861111111114,8.931944444444435
2018,1,2,0,0,0,1,2,-1,11.506944444444446,20.23472674188013,20.068963318872203,19.904582981628177,20.203029752722085,20.037612975142967,19.873554360745842,8.931944444444435,8.829861111111114,8.88472222222222,11.406944444444441,11.610416666666671
2018,1,3,0,0,0,2,3,-1,12.610416666666667,20.23472674188013,20.068963318872203,19.904582981628177,8.931944444444435,8.88472222222222,8.829861111111114,11.610416666666671,11.406944444444441,11.506944444444446,12.468055555555559,12.761111111111108
2018,1,4,0,0,0,3,4,-1,10.143749999999995,8.931944444444435,8.88472222222222,8.829861111111114,11.610416666666671,11.506944444444446,11.406944444444441,12.761111111111108,12.468055555555559,12.610416666666667,9.999999999999993,10.28402777777777
2018,1,5,0,0,0,4,5,-1,9.34722222222222,11.610416666666671,11.506944444444446,11.406944444444441,12.761111111111108,12.610416666666667,12.468055555555559,10.28402777777777,9.999999999999993,10.143749999999995,9.27986111111111,9.415972222222214
2018,1,6,0,0,0,5,6,-1,10.90763888888889,12.761111111111108,12.610416666666667,12.468055555555559,10.28402777777777,10.143749999999995,9.999999999999993,9.415972222222214,9.27986111111111,9.34722222222222,10.752777777777773,11.059027777777779
2018,1,7,0,0,0,6,7,-1,11.00138888888889,10.28402777777777,10.143749999999995,9.999999999999993,9.415972222222214,9.34722222222222,9.27986111111111,11.059027777777779,10.752777777777773,10.90763888888889,10.788888888888891,11.200000000000001
2018,1,8,0,0,0,0,8,-1,11.106338028169016,9.415972222222214,9.34722222222222,9.27986111111111,11.059027777777779,10.90763888888889,10.752777777777773,11.200000000000001,10.788888888888891,11.00138888888889,10.857746478873247,11.367605633802809
2018,1,9,0,0,0,1,9,-1,11.045138888888893,11.059027777777779,10.90763888888889,10.752777777777773,11.200000000000001,11.00138888888889,10.788888888888891,11.367605633802809,10.857746478873247,11.106338028169016,10.859027777777772,11.223611111111111
2018,1,10,0,0,0,2,10,-1,12.579861111111107,11.200000000000001,11.00138888888889,10.788888888888891,11.367605633802809,11.106338028169016,10.857746478873247,11.223611111111111,10.859027777777772,11.045138888888893,12.443055555555553,12.712499999999999
2018,1,11,0,0,0,3,11,-1,14.44583333333333,11.367605633802809,11.106338028169016,10.857746478873247,11.223611111111111,11.045138888888893,10.859027777777772,12.712499999999999,12.443055555555553,12.579861111111107,14.239583333333327,14.65208333333334
2018,1,12,0,0,0,4,12,-1,12.434027777777775,11.223611111111111,11.045138888888893,10.859027777777772,12.712499999999999,12.579861111111107,12.443055555555553,14.65208333333334,14.239583333333327,14.44583333333333,12.202777777777778,12.659722222222223
2018,1,13,0,0,0,5,13,-1,13.851388888888886,12.712499999999999,12.579861111111107,12.443055555555553,14.65208333333334,14.44583333333333,14.239583333333327,12.659722222222223,12.202777777777778,12.434027777777775,13.654861111111115,14.038888888888895
2018,1,14,0,0,0,6,14,-1,10.94097222222222,14.65208333333334,14.44583333333333,14.239583333333327,12.659722222222223,12.434027777777775,12.202777777777778,14.038888888888895,13.654861111111115,13.851388888888886,10.838888888888885,11.042361111111106
2018,1,15,0,0,0,0,15,-1,10.578472222222224,12.659722222222223,12.434027777777775,12.202777777777778,14.038888888888895,13.851388888888886,13.654861111111115,11.042361111111106,10.838888888888885,10.94097222222222,10.41180555555556,10.750000000000004
2018,1,16,0,0,0,1,16,-1,11.249999999999993,14.038888888888895,13.851388888888886,13.654861111111115,11.042361111111106,10.94097222222222,10.838888888888885,10.750000000000004,10.41180555555556,10.578472222222224,11.085416666666665,11.416666666666666
2018,1,17,0,0,0,2,17,-1,9.512499999999987,11.042361111111106,10.94097222222222,10.838888888888885,10.750000000000004,10.578472222222224,10.41180555555556,11.416666666666666,11.085416666666665,11.249999999999993,9.43888888888888,9.596527777777768
2018,1,18,0,0,0,3,18,-1,11.456249999999995,10.750000000000004,10.578472222222224,10.41180555555556,11.416666666666666,11.249999999999993,11.085416666666665,9.596527777777768,9.43888888888888,9.512499999999987,11.379166666666661,11.537499999999989
2018,1,19,0,0,0,4,19,-1,8.072916666666671,11.416666666666666,11.249999999999993,11.085416666666665,9.596527777777768,9.512499999999987,9.43888888888888,11.537499999999989,11.379166666666661,11.456249999999995,7.906944444444445,8.234722222222219
2018,1,20,0,0,0,5,20,-1,9.702083333333338,9.596527777777768,9.512499999999987,9.43888888888888,11.537499999999989,11.456249999999995,11.379166666666661,8.234722222222219,7.906944444444445,8.072916666666671,9.511111111111111,9.894444444444444
2018,1,21,0,0,0,6,21,-1,12.785416666666663,11.537499999999989,11.456249999999995,11.379166666666661,8.234722222222219,8.072916666666671,7.906944444444445,9.894444444444444,9.511111111111111,9.702083333333338,12.63402777777777,12.947222222222223
2018,1,22,0,0,0,0,22,-1,12.744444444444447,8.234722222222219,8.072916666666671,7.906944444444445,9.894444444444444,9.702083333333338,9.511111111111111,12.947222222222223,12.63402777777777,12.785416666666663,12.56666666666667,12.915972222222209
2018,1,23,0,0,0,1,23,-1,10.887500000000005,9.894444444444444,9.702083333333338,9.511111111111111,12.947222222222223,12.785416666666663,12.63402777777777,12.915972222222209,12.56666666666667,12.744444444444447,10.828472222222226,10.948611111111113
2018,1,24,0,0,0,2,24,-1,9.905555555555551,12.947222222222223,12.785416666666663,12.63402777777777,12.915972222222209,12.744444444444447,12.56666666666667,10.948611111111113,10.828472222222226,10.887500000000005,9.856249999999996,9.959722222222219
2018,1,25,0,0,0,3,25,-1,9.12916666666667,12.915972222222209,12.744444444444447,12.56666666666667,10.948611111111113,10.887500000000005,10.828472222222226,9.959722222222219,9.856249999999996,9.905555555555551,9.068749999999996,9.185416666666674
2018,1,26,0,0,0,4,26,-1,5.7215277777777755,10.948611111111113,10.887500000000005,10.828472222222226,9.959722222222219,9.905555555555551,9.856249999999996,9.185416666666674,9.068749999999996,9.12916666666667,5.660416666666665,5.7798611111111065
2018,1,27,0,0,0,5,27,-1,7.442361111111113,9.959722222222219,9.905555555555551,9.856249999999996,9.185416666666674,9.12916666666667,9.068749999999996,5.7798611111111065,5.660416666666665,5.7215277777777755,7.367361111111109,7.511111111111109
2018,1,28,0,0,0,6,28,-1,8.75972222222222,9.185416666666674,9.12916666666667,9.068749999999996,5.7798611111111065,5.7215277777777755,5.660416666666665,7.511111111111109,7.367361111111109,7.442361111111113,8.61666666666667,8.877083333333339
2018,1,29,0,0,0,0,29,-1,8.766666666666664,5.7798611111111065,5.7215277777777755,5.660416666666665,7.511111111111109,7.442361111111113,7.367361111111109,8.877083333333339,8.61666666666667,8.75972222222222,8.627777777777775,8.895138888888882
2018,1,30,0,0,0,1,30,-1,8.946527777777781,7.511111111111109,7.442361111111113,7.367361111111109,8.877083333333339,8.75972222222222,8.61666666666667,8.895138888888882,8.627777777777775,8.766666666666664,8.793750000000003,9.103472222222221
2018,1,31,0,0,0,2,31,-1,9.799999999999997,8.877083333333339,8.75972222222222,8.61666666666667,8.895138888888882,8.766666666666664,8.627777777777775,9.103472222222221,8.793750000000003,8.946527777777781,9.629166666666668,9.96388888888889
2018,2,1,0,0,0,3,32,-1,13.497916666666676,8.895138888888882,8.766666666666664,8.627777777777775,9.103472222222221,8.946527777777781,8.793750000000003,9.96388888888889,9.629166666666668,9.799999999999997,13.331944444444444,13.645138888888885
2018,2,2,0,0,0,4,33,-1,14.37083333333333,9.103472222222221,8.946527777777781,8.793750000000003,9.96388888888889,9.799999999999997,9.629166666666668,13.645138888888885,13.331944444444444,13.497916666666676,14.17291666666666,14.570833333333335
2018,2,3,0,0,0,5,34,-1,13.829861111111114,9.96388888888889,9.799999999999997,9.629166666666668,13.645138888888885,13.497916666666676,13.331944444444444,14.570833333333335,14.17291666666666,14.37083333333333,13.559027777777779,14.104861111111115
2018,2,4,0,0,0,6,35,-1,14.519444444444442,13.645138888888885,13.497916666666676,13.331944444444444,14.570833333333335,14.37083333333333,14.17291666666666,14.104861111111115,13.559027777777779,13.829861111111114,14.209027777777777,14.83333333333334
2018,2,5,0,0,0,0,36,-1,14.933333333333334,14.570833333333335,14.37083333333333,14.17291666666666,14.104861111111115,13.829861111111114,13.559027777777779,14.83333333333334,14.209027777777777,14.519444444444442,14.697222222222214,15.180555555555564
2018,2,6,0,0,0,1,37,-1,15.568055555555553,14.104861111111115,13.829861111111114,13.559027777777779,14.83333333333334,14.519444444444442,14.209027777777777,15.180555555555564,14.697222222222214,14.933333333333334,15.351388888888884,15.788888888888883
2018,2,7,0,0,0,2,38,-1,16.06319444444444,14.83333333333334,14.519444444444442,14.209027777777777,15.180555555555564,14.933333333333334,14.697222222222214,15.788888888888883,15.351388888888884,15.568055555555553,15.78472222222222,16.347222222222214
2018,2,8,0,0,0,3,39,-1,17.80416666666666,15.180555555555564,14.933333333333334,14.697222222222214,15.788888888888883,15.568055555555553,15.351388888888884,16.347222222222214,15.78472222222222,16.06319444444444,17.580555555555552,18.03124999999999
2018,2,9,0,0,0,4,40,-1,16.389583333333334,15.788888888888883,15.568055555555553,15.351388888888884,16.347222222222214,16.06319444444444,15.78472222222222,18.03124999999999,17.580555555555552,17.80416666666666,16.140972222222217,16.65277777777777
2018,2,10,0,0,0,5,41,-1,18.229861111111113,16.347222222222214,16.06319444444444,15.78472222222222,18.03124999999999,17.80416666666666,17.580555555555552,16.65277777777777,16.140972222222217,16.389583333333334,17.991666666666678,18.468055555555573
2018,2,11,0,0,0,6,42,-1,19.465734265734262,18.03124999999999,17.80416666666666,17.580555555555552,16.65277777777777,16.389583333333334,16.140972222222217,18.468055555555573,17.991666666666678,18.229861111111113,19.293706293706293,19.64195804195804
2018,2,12,0,0,0,0,43,-1,13.465000000000003,16.65277777777777,16.389583333333334,16.140972222222217,18.468055555555573,18.229861111111113,17.991666666666678,19.64195804195804,19.293706293706293,19.465734265734262,13.38000000000001,13.55785714285714
2018,2,13,0,0,0,1,44,-1,10.906944444444449,18.468055555555573,18.229861111111113,17.991666666666678,19.64195804195804,19.465734265734262,19.293706293706293,13.55785714285714,13.38000000000001,13.465000000000003,10.827777777777783,10.991666666666674
2018,2,14,0,0,0,2,45,-1,11.328472222222217,19.64195804195804,19.465734265734262,19.293706293706293,13.55785714285714,13.465000000000003,13.38000000000001,10.991666666666674,10.827777777777783,10.906944444444449,11.168055555555558,11.490972222222219
2018,2,15,0,0,0,3,46,-1,14.164583333333342,13.55785714285714,13.465000000000003,13.38000000000001,10.991666666666674,10.906944444444449,10.827777777777783,11.490972222222219,11.168055555555558,11.328472222222217,14.081250000000002,14.263888888888886
2018,2,16,0,0,0,4,47,-1,14.079166666666671,10.991666666666674,10.906944444444449,10.827777777777783,11.490972222222219,11.328472222222217,11.168055555555558,14.263888888888886,14.081250000000002,14.164583333333342,13.970833333333333,14.193749999999989
2018,2,17,0,0,0,5,48,-1,9.434027777777779,11.490972222222219,11.328472222222217,11.168055555555558,14.263888888888886,14.164583333333342,14.081250000000002,14.193749999999989,13.970833333333333,14.079166666666671,9.356250000000003,9.50902777777777
2018,2,18,0,0,0,6,49,-1,12.17430555555556,14.263888888888886,14.164583333333342,14.081250000000002,14.193749999999989,14.079166666666671,13.970833333333333,9.50902777777777,9.356250000000003,9.434027777777779,12.102083333333333,12.254861111111113
2018,2,19,0,0,0,0,50,-1,12.084722222222224,14.193749999999989,14.079166666666671,13.970833333333333,9.50902777777777,9.434027777777779,9.356250000000003,12.254861111111113,12.102083333333333,12.17430555555556,11.951388888888884,12.233333333333327
2018,2,20,0,0,0,1,51,-1,13.330555555555554,9.50902777777777,9.434027777777779,9.356250000000003,12.254861111111113,12.17430555555556,12.102083333333333,12.233333333333327,11.951388888888884,12.084722222222224,13.137499999999992,13.515972222222219
2018,2,21,0,0,0,2,52,-1,13.314583333333335,12.254861111111113,12.17430555555556,12.102083333333333,12.233333333333327,12.084722222222224,11.951388888888884,13.515972222222219,13.137499999999992,13.330555555555554,13.138194444444443,13.499305555555555
2018,2,22,0,0,0,3,53,-1,12.341666666666665,12.233333333333327,12.084722222222224,11.951388888888884,13.515972222222219,13.330555555555554,13.137499999999992,13.499305555555555,13.138194444444443,13.314583333333335,12.21388888888889,12.479166666666664
2018,2,23,0,0,0,4,54,-1,13.090972222222222,13.515972222222219,13.330555555555554,13.137499999999992,13.499305555555555,13.314583333333335,13.138194444444443,12.479166666666664,12.21388888888889,12.341666666666665,12.97013888888889,13.218055555555559
2018,2,24,0,0,0,5,55,-1,12.380555555555551,13.499305555555555,13.314583333333335,13.138194444444443,12.479166666666664,12.341666666666665,12.21388888888889,13.218055555555559,12.97013888888889,13.090972222222222,12.192361111111108,12.581250000000004
2018,2,25,0,0,0,6,56,-1,12.42777777777777,12.479166666666664,12.341666666666665,12.21388888888889,13.218055555555559,13.090972222222222,12.97013888888889,12.581250000000004,12.192361111111108,12.380555555555551,12.302083333333336,12.556944444444445
2018,2,26,0,0,0,0,57,-1,12.270833333333323,13.218055555555559,13.090972222222222,12.97013888888889,12.581250000000004,12.380555555555551,12.192361111111108,12.556944444444445,12.302083333333336,12.42777777777777,12.143055555555554,12.400694444444454
2018,2,27,0,0,0,1,58,-1,11.951388888888882,12.581250000000004,12.380555555555551,12.192361111111108,12.556944444444445,12.42777777777777,12.302083333333336,12.400694444444454,12.143055555555554,12.270833333333323,11.765972222222222,12.153472222222225
2018,2,28,0,0,0,2,59,-1,12.545138888888888,12.556944444444445,12.42777777777777,12.302083333333336,12.400694444444454,12.270833333333323,12.143055555555554,12.153472222222225,11.765972222222222,11.951388888888882,12.35138888888889,12.737499999999997
2018,3,1,0,0,0,3,60,-1,13.344444444444443,12.400694444444454,12.270833333333323,12.143055555555554,12.153472222222225,11.951388888888882,11.765972222222222,12.737499999999997,12.35138888888889,12.545138888888888,13.072916666666664,13.614583333333334
2018,3,2,0,0,0,4,61,-1,14.524305555555555,12.153472222222225,11.951388888888882,11.765972222222222,12.737499999999997,12.545138888888888,12.35138888888889,13.614583333333334,13.072916666666664,13.344444444444443,14.315972222222221,14.720833333333328
2018,3,3,0,0,0,5,62,-1,16.709722222222226,12.737499999999997,12.545138888888888,12.35138888888889,13.614583333333334,13.344444444444443,13.072916666666664,14.720833333333328,14.315972222222221,14.524305555555555,16.522916666666667,16.89027777777778
2018,3,4,0,0,0,6,63,-1,17.945833333333336,13.614583333333334,13.344444444444443,13.072916666666664,14.720833333333328,14.524305555555555,14.315972222222221,16.89027777777778,16.522916666666667,16.709722222222226,17.76388888888889,18.117361111111116
2018,3,5,0,0,0,0,64,-1,18.65,14.720833333333328,14.524305555555555,14.315972222222221,16.89027777777778,16.709722222222226,16.522916666666667,18.117361111111116,17.76388888888889,17.945833333333336,18.433333333333337,18.86458333333333
2018,3,6,0,0,0,1,65,-1,17.075000000000003,16.89027777777778,16.709722222222226,16.522916666666667,18.117361111111116,17.945833333333336,17.76388888888889,18.86458333333333,18.433333333333337,18.65,16.91736111111111,17.24097222222223
2018,3,7,0,0,0,2,66,-1,15.247916666666676,18.117361111111116,17.945833333333336,17.76388888888889,18.86458333333333,18.65,18.433333333333337,17.24097222222223,16.91736111111111,17.075000000000003,15.09652777777777,15.418055555555558
2018,3,8,0,0,0,3,67,-1,17.90694444444445,18.86458333333333,18.65,18.433333333333337,17.24097222222223,17.075000000000003,16.91736111111111,15.418055555555558,15.09652777777777,15.247916666666676,17.740277777777777,18.075000000000006
2018,3,9,0,0,0,4,68,-1,14.137499999999996,17.24097222222223,17.075000000000003,16.91736111111111,15.418055555555558,15.247916666666676,15.09652777777777,18.075000000000006,17.740277777777777,17.90694444444445,14.053472222222222,14.222222222222225
2018,3,10,0,0,0,5,69,-1,12.927777777777782,15.418055555555558,15.247916666666676,15.09652777777777,18.075000000000006,17.90694444444445,17.740277777777777,14.222222222222225,14.053472222222222,14.137499999999996,12.781944444444438,13.078472222222214
2018,3,11,0,0,0,6,70,-1,13.81944444444445,18.075000000000006,17.90694444444445,17.740277777777777,14.222222222222225,14.137499999999996,14.053472222222222,13.078472222222214,12.781944444444438,12.927777777777782,13.677083333333332,13.962499999999999
2018,3,12,0,0,0,0,71,-1,13.949305555555549,14.222222222222225,14.137499999999996,14.053472222222222,13.078472222222214,12.927777777777782,12.781944444444438,13.962499999999999,13.677083333333332,13.81944444444445,13.78611111111111,14.10486111111111
2018,3,13,0,0,0,1,72,-1,13.47013888888889,13.078472222222214,12.927777777777782,12.781944444444438,13.962499999999999,13.81944444444445,13.677083333333332,14.10486111111111,13.78611111111111,13.949305555555549,13.262500000000001,13.677083333333332
2018,3,14,0,0,0,2,73,-1,14.69652777777778,13.962499999999999,13.81944444444445,13.677083333333332,14.10486111111111,13.949305555555549,13.78611111111111,13.677083333333332,13.262500000000001,13.47013888888889,14.477777777777773,14.930555555555552
2018,3,15,0,0,0,3,74,-1,12.556249999999999,14.10486111111111,13.949305555555549,13.78611111111111,13.677083333333332,13.47013888888889,13.262500000000001,14.930555555555552,14.477777777777773,14.69652777777778,12.348611111111117,12.76875
2018,3,16,0,0,0,4,75,-1,12.799999999999997,13.677083333333332,13.47013888888889,13.262500000000001,14.930555555555552,14.69652777777778,14.477777777777773,12.76875,12.348611111111117,12.556249999999999,12.613888888888878,12.993749999999997
2018,3,17,0,0,0,5,76,-1,12.893055555555554,14.930555555555552,14.69652777777778,14.477777777777773,12.76875,12.556249999999999,12.348611111111117,12.993749999999997,12.613888888888878,12.799999999999997,12.681249999999997,13.096527777777775
2018,3,18,0,0,0,6,77,-1,19.351388888888895,12.76875,12.556249999999999,12.348611111111117,12.993749999999997,12.799999999999997,12.613888888888878,13.096527777777775,12.681249999999997,12.893055555555554,19.11805555555556,19.588194444444454
2018,3,19,0,0,0,0,78,-1,21.76319444444444,12.993749999999997,12.799999999999997,12.613888888888878,13.096527777777775,12.893055555555554,12.681249999999997,19.588194444444454,19.11805555555556,19.351388888888895,21.52291666666666,21.997916666666676
2018,3,20,0,0,0,1,79,-1,16.63958333333334,13.096527777777775,12.893055555555554,12.681249999999997,19.588194444444454,19.351388888888895,19.11805555555556,21.997916666666676,21.52291666666666,21.76319444444444,16.44097222222222,16.84652777777778
2018,3,21,0,0,0,2,80,-1,16.510416666666664,19.588194444444454,19.351388888888895,19.11805555555556,21.997916666666676,21.76319444444444,21.52291666666666,16.84652777777778,16.44097222222222,16.63958333333334,16.275694444444447,16.729861111111113
2018,3,22,0,0,0,3,81,-1,20.91111111111111,21.997916666666676,21.76319444444444,21.52291666666666,16.84652777777778,16.63958333333334,16.44097222222222,16.729861111111113,16.275694444444447,16.510416666666664,20.651388888888874,21.181944444444447
2018,3,23,0,0,0,4,82,-1,24.85000000000001,16.84652777777778,16.63958333333334,16.44097222222222,16.729861111111113,16.510416666666664,16.275694444444447,21.181944444444447,20.651388888888874,20.91111111111111,24.64305555555556,25.05833333333334
2018,3,24,0,0,0,5,83,-1,17.97361111111111,16.729861111111113,16.510416666666664,16.275694444444447,21.181944444444447,20.91111111111111,20.651388888888874,25.05833333333334,24.64305555555556,24.85000000000001,17.772222222222226,18.1861111111111
2018,3,25,0,0,0,6,84,-1,14.313286713286713,21.181944444444447,20.91111111111111,20.651388888888874,25.05833333333334,24.85000000000001,24.64305555555556,18.1861111111111,17.772222222222226,17.97361111111111,14.101398601398602,14.503496503496503
2018,3,26,0,0,0,0,85,-1,20.703472222222217,25.05833333333334,24.85000000000001,24.64305555555556,18.1861111111111,17.97361111111111,17.772222222222226,14.503496503496503,14.101398601398602,14.313286713286713,20.47777777777778,20.902777777777786
2018,3,27,0,0,0,1,86,-1,22.372222222222216,18.1861111111111,17.97361111111111,17.772222222222226,14.503496503496503,14.313286713286713,14.101398601398602,20.902777777777786,20.47777777777778,20.703472222222217,22.174999999999994,22.576388888888882
2018,3,28,0,0,0,2,87,-1,21.93819444444444,14.503496503496503,14.313286713286713,14.101398601398602,20.902777777777786,20.703472222222217,20.47777777777778,22.576388888888882,22.174999999999994,22.372222222222216,21.72500000000001,22.15902777777778
2018,3,29,0,0,0,3,88,-1,16.582638888888898,20.902777777777786,20.703472222222217,20.47777777777778,22.576388888888882,22.372222222222216,22.174999999999994,22.15902777777778,21.72500000000001,21.93819444444444,16.395138888888894,16.788194444444454
2018,3,30,0,0,0,4,89,-1,11.883333333333333,22.576388888888882,22.372222222222216,22.174999999999994,22.15902777777778,21.93819444444444,21.72500000000001,16.788194444444454,16.395138888888894,16.582638888888898,11.813888888888888,11.966666666666667
2018,3,31,0,0,0,5,90,-1,14.375000000000004,22.15902777777778,21.93819444444444,21.72500000000001,16.788194444444454,16.582638888888898,16.395138888888894,11.966666666666667,11.813888888888888,11.883333333333333,14.147916666666667,14.604166666666666
2018,4,1,0,0,0,6,91,-1,18.443055555555553,16.788194444444454,16.582638888888898,16.395138888888894,11.966666666666667,11.883333333333333,11.813888888888888,14.604166666666666,14.147916666666667,14.375000000000004,18.15624999999999,18.71944444444444
2018,4,2,0,0,0,0,92,-1,19.027083333333337,11.966666666666667,11.883333333333333,11.813888888888888,14.604166666666666,14.375000000000004,14.147916666666667,18.71944444444444,18.15624999999999,18.443055555555553,18.75833333333333,19.286111111111104
2018,4,3,0,0,0,1,93,-1,15.282638888888888,14.604166666666666,14.375000000000004,14.147916666666667,18.71944444444444,18.443055555555553,18.15624999999999,19.286111111111104,18.75833333333333,19.027083333333337,15.083333333333343,15.473611111111113
2018,4,4,0,0,0,2,94,-1,19.949305555555547,18.71944444444444,18.443055555555553,18.15624999999999,19.286111111111104,19.027083333333337,18.75833333333333,15.473611111111113,15.083333333333343,15.282638888888888,19.73333333333335,20.17708333333333
2018,4,5,0,0,0,3,95,-1,22.181944444444447,19.286111111111104,19.027083333333337,18.75833333333333,15.473611111111113,15.282638888888888,15.083333333333343,20.17708333333333,19.73333333333335,19.949305555555547,21.997916666666658,22.353472222222226
2018,4,6,0,0,0,4,96,-1,22.78194444444445,15.473611111111113,15.282638888888888,15.083333333333343,20.17708333333333,19.949305555555547,19.73333333333335,22.353472222222226,21.997916666666658,22.181944444444447,22.542361111111106,23.02291666666666
2018,4,7,0,0,0,5,97,-1,23.343055555555555,20.17708333333333,19.949305555555547,19.73333333333335,22.353472222222226,22.181944444444447,21.997916666666658,23.02291666666666,22.542361111111106,22.78194444444445,23.116666666666674,23.590277777777786
2018,4,8,0,0,0,6,98,-1,17.211805555555557,22.353472222222226,22.181944444444447,21.997916666666658,23.02291666666666,22.78194444444445,22.542361111111106,23.590277777777786,23.116666666666674,23.343055555555555,17.084027777777784,17.356944444444437
2018,4,9,0,0,0,0,99,-1,15.299305555555557,23.02291666666666,22.78194444444445,22.542361111111106,23.590277777777786,23.343055555555555,23.116666666666674,17.356944444444437,17.084027777777784,17.211805555555557,15.119444444444444,15.476388888888888
2018,4,10,0,0,0,1,100,-1,13.30555555555556,23.590277777777786,23.343055555555555,23.116666666666674,17.356944444444437,17.211805555555557,17.084027777777784,15.476388888888888,15.119444444444444,15.299305555555557,13.168055555555554,13.445138888888893
2018,4,11,0,0,0,2,101,-1,14.824999999999996,17.356944444444437,17.211805555555557,17.084027777777784,15.476388888888888,15.299305555555557,15.119444444444444,13.445138888888893,13.168055555555554,13.30555555555556,14.64652777777777,15.025694444444452
2018,4,12,0,0,0,3,102,-1,15.923776223776223,15.476388888888888,15.299305555555557,15.119444444444444,13.445138888888893,13.30555555555556,13.168055555555554,15.025694444444452,14.64652777777777,14.824999999999996,15.725874125874126,16.121678321678317
2018,4,13,0,0,0,4,103,-1,18.866666666666667,13.445138888888893,13.30555555555556,13.168055555555554,15.025694444444452,14.824999999999996,14.64652777777777,16.121678321678317,15.725874125874126,15.923776223776223,18.663888888888895,19.06388888888889
2018,4,14,0,0,0,5,104,-1,19.512500000000003,15.025694444444452,14.824999999999996,14.64652777777777,16.121678321678317,15.923776223776223,15.725874125874126,19.06388888888889,18.663888888888895,18.866666666666667,19.275,19.748611111111117
2018,4,15,0,0,0,6,105,-1,18.53263888888889,16.121678321678317,15.923776223776223,15.725874125874126,19.06388888888889,18.866666666666667,18.663888888888895,19.748611111111117,19.275,19.512500000000003,18.321527777777785,18.74375
2018,4,16,0,0,0,0,106,-1,19.189583333333342,19.06388888888889,18.866666666666667,18.663888888888895,19.748611111111117,19.512500000000003,19.275,18.74375,18.321527777777785,18.53263888888889,18.931944444444447,19.44513888888888
2018,4,17,0,0,0,1,107,-1,23.12569444444445,19.748611111111117,19.512500000000003,19.275,18.74375,18.53263888888889,18.321527777777785,19.44513888888888,18.931944444444447,19.189583333333342,22.853472222222216,23.37916666666666
2018,4,18,0,0,0,2,108,-1,25.30069444444445,18.74375,18.53263888888889,18.321527777777785,19.44513888888888,19.189583333333342,18.931944444444447,23.37916666666666,22.853472222222216,23.12569444444445,25.038888888888895,25.563888888888872
2018,4,19,0,0,0,3,109,-1,21.931944444444447,19.44513888888888,19.189583333333342,18.931944444444447,23.37916666666666,23.12569444444445,22.853472222222216,25.563888888888872,25.038888888888895,25.30069444444445,21.715972222222216,22.14999999999999
2018,4,20,0,0,0,4,110,-1,17.763888888888896,23.37916666666666,23.12569444444445,22.853472222222216,25.563888888888872,25.30069444444445,25.038888888888895,22.14999999999999,21.715972222222216,21.931944444444447,17.659027777777784,17.872916666666676
2018,4,21,0,0,0,5,111,-1,17.570138888888884,25.563888888888872,25.30069444444445,25.038888888888895,22.14999999999999,21.931944444444447,21.715972222222216,17.872916666666676,17.659027777777784,17.763888888888896,17.449999999999992,17.695138888888884
2018,4,22,0,0,0,6,112,-1,16.220138888888883,22.14999999999999,21.931944444444447,21.715972222222216,17.872916666666676,17.763888888888896,17.659027777777784,17.695138888888884,17.449999999999992,17.570138888888884,16.05763888888889,16.3923611111111
2018,4,23,0,0,0,0,113,-1,16.461111111111116,17.872916666666676,17.763888888888896,17.659027777777784,17.695138888888884,17.570138888888884,17.449999999999992,16.3923611111111,16.05763888888889,16.220138888888883,16.25208333333333,16.669444444444437
2018,4,24,0,0,0,1,114,-1,22.15138888888888,17.695138888888884,17.570138888888884,17.449999999999992,16.3923611111111,16.220138888888883,16.05763888888889,16.669444444444437,16.25208333333333,16.461111111111116,21.924999999999997,22.372916666666672
2018,4,25,0,0,0,2,115,-1,17.842361111111117,16.3923611111111,16.220138888888883,16.05763888888889,16.669444444444437,16.461111111111116,16.25208333333333,22.372916666666672,21.924999999999997,22.15138888888888,17.562499999999996,18.106250000000003
2018,4,26,0,0,0,3,116,-1,13.947222222222232,16.669444444444437,16.461111111111116,16.25208333333333,22.372916666666672,22.15138888888888,21.924999999999997,18.106250000000003,17.562499999999996,17.842361111111117,13.79097222222222,14.111111111111107
2018,4,27,0,0,0,4,117,-1,15.85277777777778,22.372916666666672,22.15138888888888,21.924999999999997,18.106250000000003,17.842361111111117,17.562499999999996,14.111111111111107,13.79097222222222,13.947222222222232,15.704861111111105,15.99930555555555
2018,4,28,0,0,0,5,118,-1,18.074305555555558,18.106250000000003,17.842361111111117,17.562499999999996,14.111111111111107,13.947222222222232,13.79097222222222,15.99930555555555,15.704861111111105,15.85277777777778,17.963888888888892,18.195138888888888
2018,4,29,0,0,0,6,119,-1,19.797222222222228,14.111111111111107,13.947222222222232,13.79097222222222,15.99930555555555,15.85277777777778,15.704861111111105,18.195138888888888,17.963888888888892,18.074305555555558,19.584722222222236,20.001388888888897
2018,4,30,0,0,0,0,120,-1,24.01597222222223,15.99930555555555,15.85277777777778,15.704861111111105,18.195138888888888,18.074305555555558,17.963888888888892,20.001388888888897,19.584722222222236,19.797222222222228,23.813888888888876,24.2201388888889
2018,5,1,0,0,0,1,121,-1,25.467361111111117,18.195138888888888,18.074305555555558,17.963888888888892,20.001388888888897,19.797222222222228,19.584722222222236,24.2201388888889,23.813888888888876,24.01597222222223,25.322222222222226,25.638888888888893
2018,5,2,0,0,0,2,122,-1,26.350694444444432,20.001388888888897,19.797222222222228,19.584722222222236,24.2201388888889,24.01597222222223,23.813888888888876,25.638888888888893,25.322222222222226,25.467361111111117,26.165277777777774,26.531249999999993
2018,5,3,0,0,0,3,123,-1,28.375,24.2201388888889,24.01597222222223,23.813888888888876,25.638888888888893,25.467361111111117,25.322222222222226,26.531249999999993,26.165277777777774,26.350694444444432,28.14930555555557,28.59444444444445
2018,5,4,0,0,0,4,124,-1,27.93124999999999,25.638888888888893,25.467361111111117,25.322222222222226,26.531249999999993,26.350694444444432,26.165277777777774,28.59444444444445,28.14930555555557,28.375,27.710416666666678,28.137500000000014
2018,5,5,0,0,0,5,125,-1,22.380555555555567,26.531249999999993,26.350694444444432,26.165277777777774,28.59444444444445,28.375,28.14930555555557,28.137500000000014,27.710416666666678,27.93124999999999,22.157638888888872,22.611805555555556
2018,5,6,0,0,0,6,126,-1,22.293706293706293,28.59444444444445,28.375,28.14930555555557,28.137500000000014,27.93124999999999,27.710416666666678,22.611805555555556,22.157638888888872,22.380555555555567,22.10349650349651,22.4895104895105
2018,5,7,0,0,0,0,127,-1,21.87083333333333,28.137500000000014,27.93124999999999,27.710416666666678,22.611805555555556,22.380555555555567,22.157638888888872,22.4895104895105,22.10349650349651,22.293706293706293,21.66041666666667,22.08333333333333
2018,5,8,0,0,0,1,128,-1,16.16805555555555,22.611805555555556,22.380555555555567,22.157638888888872,22.4895104895105,22.293706293706293,22.10349650349651,22.08333333333333,21.66041666666667,21.87083333333333,16.07430555555554,16.26666666666667
2018,5,9,0,0,0,2,129,-1,17.767361111111104,22.4895104895105,22.293706293706293,22.10349650349651,22.08333333333333,21.87083333333333,21.66041666666667,16.26666666666667,16.07430555555554,16.16805555555555,17.602083333333336,17.93333333333333
2018,5,10,0,0,0,3,130,-1,22.478472222222216,22.08333333333333,21.87083333333333,21.66041666666667,16.26666666666667,16.16805555555555,16.07430555555554,17.93333333333333,17.602083333333336,17.767361111111104,22.24583333333334,22.706250000000004
2018,5,11,0,0,0,4,131,-1,21.06666666666665,16.26666666666667,16.16805555555555,16.07430555555554,17.93333333333333,17.767361111111104,17.602083333333336,22.706250000000004,22.24583333333334,22.478472222222216,20.857638888888893,21.27638888888888
2018,5,12,0,0,0,5,132,-1,18.77013888888889,17.93333333333333,17.767361111111104,17.602083333333336,22.706250000000004,22.478472222222216,22.24583333333334,21.27638888888888,20.857638888888893,21.06666666666665,18.603472222222226,18.927083333333336
2018,5,13,0,0,0,6,133,-1,18.392361111111114,22.706250000000004,22.478472222222216,22.24583333333334,21.27638888888888,21.06666666666665,20.857638888888893,18.927083333333336,18.603472222222226,18.77013888888889,18.237499999999997,18.560416666666658
2018,5,14,0,0,0,0,134,-1,19.322916666666664,21.27638888888888,21.06666666666665,20.857638888888893,18.927083333333336,18.77013888888889,18.603472222222226,18.560416666666658,18.237499999999997,18.392361111111114,19.18472222222222,19.47222222222222
2018,5,15,0,0,0,1,135,-1,20.720422535211274,18.927083333333336,18.77013888888889,18.603472222222226,18.560416666666658,18.392361111111114,18.237499999999997,19.47222222222222,19.18472222222222,19.322916666666664,20.570422535211275,20.8774647887324
2018,5,16,0,0,0,2,136,-1,23.37916666666668,18.560416666666658,18.392361111111114,18.237499999999997,19.47222222222222,19.322916666666664,19.18472222222222,20.8774647887324,20.570422535211275,20.720422535211274,23.154166666666665,23.577083333333338
2018,5,17,0,0,0,3,137,-1,29.653472222222206,19.47222222222222,19.322916666666664,19.18472222222222,20.8774647887324,20.720422535211274,20.570422535211275,23.577083333333338,23.154166666666665,23.37916666666668,29.46805555555554,29.847916666666663
2018,5,18,0,0,0,4,138,-1,31.40069444444446,20.8774647887324,20.720422535211274,20.570422535211275,23.577083333333338,23.37916666666668,23.154166666666665,29.847916666666663,29.46805555555554,29.653472222222206,31.222222222222214,31.56319444444445
2018,5,19,0,0,0,5,139,-1,32.24305555555556,23.577083333333338,23.37916666666668,23.154166666666665,29.847916666666663,29.653472222222206,29.46805555555554,31.56319444444445,31.222222222222214,31.40069444444446,32.03958333333335,32.45069444444445
2018,5,20,0,0,0,6,140,-1,29.00069444444445,29.847916666666663,29.653472222222206,29.46805555555554,31.56319444444445,31.40069444444446,31.222222222222214,32.45069444444445,32.03958333333335,32.24305555555556,28.802083333333346,29.20902777777778
2018,5,21,0,0,0,0,141,-1,27.416666666666664,31.56319444444445,31.40069444444446,31.222222222222214,32.45069444444445,32.24305555555556,32.03958333333335,29.20902777777778,28.802083333333346,29.00069444444445,27.199305555555576,27.643055555555552
2018,5,22,0,0,0,1,142,-1,28.70555555555556,32.45069444444445,32.24305555555556,32.03958333333335,29.20902777777778,29.00069444444445,28.802083333333346,27.643055555555552,27.199305555555576,27.416666666666664,28.486111111111104,28.92569444444444
2018,5,23,0,0,0,2,143,-1,25.4513888888889,29.20902777777778,29.00069444444445,28.802083333333346,27.643055555555552,27.416666666666664,27.199305555555576,28.92569444444444,28.486111111111104,28.70555555555556,25.261805555555547,25.642361111111118
2018,5,24,0,0,0,3,144,-1,23.633333333333326,27.643055555555552,27.416666666666664,27.199305555555576,28.92569444444444,28.70555555555556,28.486111111111104,25.642361111111118,25.261805555555547,25.4513888888889,23.46597222222222,23.79375000000001
2018,5,25,0,0,0,4,145,-1,24.95555555555556,28.92569444444444,28.70555555555556,28.486111111111104,25.642361111111118,25.4513888888889,25.261805555555547,23.79375000000001,23.46597222222222,23.633333333333326,24.741666666666674,25.161111111111126
2018,5,26,0,0,0,5,146,-1,25.501388888888886,25.642361111111118,25.4513888888889,25.261805555555547,23.79375000000001,23.633333333333326,23.46597222222222,25.161111111111126,24.741666666666674,24.95555555555556,25.297916666666666,25.70833333333332
2018,5,27,0,0,0,6,147,-1,24.6013888888889,23.79375000000001,23.633333333333326,23.46597222222222,25.161111111111126,24.95555555555556,24.741666666666674,25.70833333333332,25.297916666666666,25.501388888888886,24.400694444444444,24.793749999999992
2018,5,28,0,0,0,0,148,-1,24.71597222222222,25.161111111111126,24.95555555555556,24.741666666666674,25.70833333333332,25.501388888888886,25.297916666666666,24.793749999999992,24.400694444444444,24.6013888888889,24.549999999999997,24.895833333333332
2018,5,29,0,0,0,1,149,-1,23.792361111111102,25.70833333333332,25.501388888888886,25.297916666666666,24.793749999999992,24.6013888888889,24.400694444444444,24.895833333333332,24.549999999999997,24.71597222222222,23.638888888888893,23.957638888888898
2018,5,30,0,0,0,2,150,-1,21.81,24.793749999999992,24.6013888888889,24.400694444444444,24.895833333333332,24.71597222222222,24.549999999999997,23.957638888888898,23.638888888888893,23.792361111111102,21.657857142857143,21.976428571428574
2018,5,31,0,0,0,3,151,-1,21.908333333333346,24.895833333333332,24.71597222222222,24.549999999999997,23.957638888888898,23.792361111111102,23.638888888888893,21.976428571428574,21.657857142857143,21.81,21.735416666666662,22.070833333333333
2018,6,1,0,0,0,4,152,-1,21.872222222222213,23.957638888888898,23.792361111111102,23.638888888888893,21.976428571428574,21.81,21.657857142857143,22.070833333333333,21.735416666666662,21.908333333333346,21.70347222222223,22.03263888888889
2018,6,2,0,0,0,5,153,-1,22.023611111111126,21.976428571428574,21.81,21.657857142857143,22.070833333333333,21.908333333333346,21.735416666666662,22.03263888888889,21.70347222222223,21.872222222222213,21.868750000000002,22.19652777777778
2018,6,3,0,0,0,6,154,-1,22.15347222222222,22.070833333333333,21.908333333333346,21.735416666666662,22.03263888888889,21.872222222222213,21.70347222222223,22.19652777777778,21.868750000000002,22.023611111111126,21.989583333333336,22.322916666666664
2018,6,4,0,0,0,0,155,-1,22.681944444444444,22.03263888888889,21.872222222222213,21.70347222222223,22.19652777777778,22.023611111111126,21.868750000000002,22.322916666666664,21.989583333333336,22.15347222222222,22.53888888888889,22.812500000000007
2018,6,5,0,0,0,1,156,-1,23.62361111111111,22.19652777777778,22.023611111111126,21.868750000000002,22.322916666666664,22.15347222222222,21.989583333333336,22.812500000000007,22.53888888888889,22.681944444444444,23.464583333333334,23.79027777777778
2018,6,6,0,0,0,2,157,-1,25.82361111111111,22.322916666666664,22.15347222222222,21.989583333333336,22.812500000000007,22.681944444444444,22.53888888888889,23.79027777777778,23.464583333333334,23.62361111111111,25.624999999999993,26.02569444444445
2018,6,7,0,0,0,3,158,-1,28.99444444444445,22.812500000000007,22.681944444444444,22.53888888888889,23.79027777777778,23.62361111111111,23.464583333333334,26.02569444444445,25.624999999999993,25.82361111111111,28.71805555555555,29.26944444444444
2018,6,8,0,0,0,4,159,-1,26.91736111111112,23.79027777777778,23.62361111111111,23.464583333333334,26.02569444444445,25.82361111111111,25.624999999999993,29.26944444444444,28.71805555555555,28.99444444444445,26.724999999999994,27.098611111111097
2018,6,9,0,0,0,5,160,-1,25.575694444444444,26.02569444444445,25.82361111111111,25.624999999999993,29.26944444444444,28.99444444444445,28.71805555555555,27.098611111111097,26.724999999999994,26.91736111111112,25.408333333333346,25.748611111111117
2018,6,10,0,0,0,6,161,-1,25.309027777777786,29.26944444444444,28.99444444444445,28.71805555555555,27.098611111111097,26.91736111111112,26.724999999999994,25.748611111111117,25.408333333333346,25.575694444444444,25.141666666666683,25.476388888888895
2018,6,11,0,0,0,0,162,-1,23.398611111111105,27.098611111111097,26.91736111111112,26.724999999999994,25.748611111111117,25.575694444444444,25.408333333333346,25.476388888888895,25.141666666666683,25.309027777777786,23.248611111111106,23.551388888888894
2018,6,12,0,0,0,1,163,-1,22.704861111111104,25.748611111111117,25.575694444444444,25.408333333333346,25.476388888888895,25.309027777777786,25.141666666666683,23.551388888888894,23.248611111111106,23.398611111111105,22.573611111111106,22.869444444444444
2018,6,13,0,0,0,2,164,-1,22.511805555555565,25.476388888888895,25.309027777777786,25.141666666666683,23.551388888888894,23.398611111111105,23.248611111111106,22.869444444444444,22.573611111111106,22.704861111111104,22.36249999999999,22.68472222222222
2018,6,14,0,0,0,3,165,-1,24.224305555555546,23.551388888888894,23.398611111111105,23.248611111111106,22.869444444444444,22.704861111111104,22.573611111111106,22.68472222222222,22.36249999999999,22.511805555555565,24.060416666666672,24.383333333333333
2018,6,15,0,0,0,4,166,-1,23.775694444444436,22.869444444444444,22.704861111111104,22.573611111111106,22.68472222222222,22.511805555555565,22.36249999999999,24.383333333333333,24.060416666666672,24.224305555555546,23.59652777777778,23.975
2018,6,16,0,0,0,5,167,-1,29.393055555555552,22.68472222222222,22.511805555555565,22.36249999999999,24.383333333333333,24.224305555555546,24.060416666666672,23.975,23.59652777777778,23.775694444444436,29.170138888888896,29.614583333333332
2018,6,17,0,0,0,6,168,-1,25.504861111111122,24.383333333333333,24.224305555555546,24.060416666666672,23.975,23.775694444444436,23.59652777777778,29.614583333333332,29.170138888888896,29.393055555555552,25.363194444444453,25.65763888888889
2018,6,18,0,0,0,0,169,-1,23.7951388888889,23.975,23.775694444444436,23.59652777777778,29.614583333333332,29.393055555555552,29.170138888888896,25.65763888888889,25.363194444444453,25.504861111111122,23.627777777777776,23.962499999999995
2018,6,19,0,0,0,1,170,-1,24.145833333333336,29.614583333333332,29.393055555555552,29.170138888888896,25.65763888888889,25.504861111111122,25.363194444444453,23.962499999999995,23.627777777777776,23.7951388888889,23.955555555555552,24.32569444444444
2018,6,20,0,0,0,2,171,-1,23.96041666666667,25.65763888888889,25.504861111111122,25.363194444444453,23.962499999999995,23.7951388888889,23.627777777777776,24.32569444444444,23.955555555555552,24.145833333333336,23.75763888888889,24.156944444444434
2018,6,21,0,0,0,3,172,-1,24.45763888888889,23.962499999999995,23.7951388888889,23.627777777777776,24.32569444444444,24.145833333333336,23.955555555555552,24.156944444444434,23.75763888888889,23.96041666666667,24.313194444444438,24.603472222222226
2018,6,22,0,0,0,4,173,-1,24.72152777777778,24.32569444444444,24.145833333333336,23.955555555555552,24.156944444444434,23.96041666666667,23.75763888888889,24.603472222222226,24.313194444444438,24.45763888888889,24.56319444444445,24.881249999999998
2018,6,23,0,0,0,5,174,-1,24.76597222222223,24.156944444444434,23.96041666666667,23.75763888888889,24.603472222222226,24.45763888888889,24.313194444444438,24.881249999999998,24.56319444444445,24.72152777777778,24.592361111111114,24.930555555555554
2018,6,24,0,0,0,6,175,-1,24.556944444444433,24.603472222222226,24.45763888888889,24.313194444444438,24.881249999999998,24.72152777777778,24.56319444444445,24.930555555555554,24.592361111111114,24.76597222222223,24.425,24.690277777777798
2018,6,25,0,0,0,0,176,-1,24.719444444444456,24.881249999999998,24.72152777777778,24.56319444444445,24.930555555555554,24.76597222222223,24.592361111111114,24.690277777777798,24.425,24.556944444444433,24.543750000000006,24.89583333333335
2018,6,26,0,0,0,1,177,-1,25.465972222222216,24.930555555555554,24.76597222222223,24.592361111111114,24.690277777777798,24.556944444444433,24.425,24.89583333333335,24.543750000000006,24.719444444444456,25.299305555555552,25.643055555555545
2018,6,27,0,0,0,2,178,-1,26.958333333333332,24.690277777777798,24.556944444444433,24.425,24.89583333333335,24.719444444444456,24.543750000000006,25.643055555555545,25.299305555555552,25.465972222222216,26.772222222222233,27.157638888888883
2018,6,28,0,0,0,3,179,-1,26.04305555555554,24.89583333333335,24.719444444444456,24.543750000000006,25.643055555555545,25.465972222222216,25.299305555555552,27.157638888888883,26.772222222222233,26.958333333333332,25.872222222222234,26.222222222222232
2018,6,29,0,0,0,4,180,-1,24.391666666666666,25.643055555555545,25.465972222222216,25.299305555555552,27.157638888888883,26.958333333333332,26.772222222222233,26.222222222222232,25.872222222222234,26.04305555555554,24.24999999999999,24.532638888888886
2018,6,30,0,0,0,5,181,-1,24.034027777777776,27.157638888888883,26.958333333333332,26.772222222222233,26.222222222222232,26.04305555555554,25.872222222222234,24.532638888888886,24.24999999999999,24.391666666666666,23.87777777777778,24.18680555555555
2018,7,1,0,0,0,6,182,-1,24.944444444444443,26.222222222222232,26.04305555555554,25.872222222222234,24.532638888888886,24.391666666666666,24.24999999999999,24.18680555555555,23.87777777777778,24.034027777777776,24.78333333333333,25.12152777777778
2018,7,2,0,0,0,0,183,-1,25.50763888888889,24.532638888888886,24.391666666666666,24.24999999999999,24.18680555555555,24.034027777777776,23.87777777777778,25.12152777777778,24.78333333333333,24.944444444444443,25.34930555555556,25.660416666666663
2018,7,3,0,0,0,1,184,-1,25.541666666666664,24.18680555555555,24.034027777777776,23.87777777777778,25.12152777777778,24.944444444444443,24.78333333333333,25.660416666666663,25.34930555555556,25.50763888888889,25.396527777777766,25.69305555555555
2018,7,4,0,0,0,2,185,-1,25.565277777777773,25.12152777777778,24.944444444444443,24.78333333333333,25.660416666666663,25.50763888888889,25.34930555555556,25.69305555555555,25.396527777777766,25.541666666666664,25.420138888888896,25.70694444444445
2018,7,5,0,0,0,3,186,-1,26.376388888888897,25.660416666666663,25.50763888888889,25.34930555555556,25.69305555555555,25.541666666666664,25.396527777777766,25.70694444444445,25.420138888888896,25.565277777777773,26.219444444444445,26.536805555555556
2018,7,6,0,0,0,4,187,-1,26.887500000000006,25.69305555555555,25.541666666666664,25.396527777777766,25.70694444444445,25.565277777777773,25.420138888888896,26.536805555555556,26.219444444444445,26.376388888888897,26.74861111111111,27.03055555555556
2018,7,7,0,0,0,5,188,-1,27.15833333333334,25.70694444444445,25.565277777777773,25.420138888888896,26.536805555555556,26.376388888888897,26.219444444444445,27.03055555555556,26.74861111111111,26.887500000000006,27.004166666666666,27.29722222222223
2018,7,8,0,0,0,6,189,-1,26.94097222222222,26.536805555555556,26.376388888888897,26.219444444444445,27.03055555555556,26.887500000000006,26.74861111111111,27.29722222222223,27.004166666666666,27.15833333333334,26.717361111111117,27.16111111111111
2018,7,9,0,0,0,0,190,-1,26.681250000000006,27.03055555555556,26.887500000000006,26.74861111111111,27.29722222222223,27.15833333333334,27.004166666666666,27.16111111111111,26.717361111111117,26.94097222222222,26.494444444444447,26.873611111111117
2018,7,10,0,0,0,1,191,-1,25.67622377622377,27.29722222222223,27.15833333333334,27.004166666666666,27.16111111111111,26.94097222222222,26.717361111111117,26.873611111111117,26.494444444444447,26.681250000000006,25.495104895104895,25.85454545454546
2018,7,11,0,0,0,2,192,-1,25.979166666666668,27.16111111111111,26.94097222222222,26.717361111111117,26.873611111111117,26.681250000000006,26.494444444444447,25.85454545454546,25.495104895104895,25.67622377622377,25.82638888888889,26.12847222222222
2018,7,12,0,0,0,3,193,-1,25.18958333333334,26.873611111111117,26.681250000000006,26.494444444444447,25.85454545454546,25.67622377622377,25.495104895104895,26.12847222222222,25.82638888888889,25.979166666666668,25.061111111111124,25.327777777777783
2018,7,13,0,0,0,4,194,-1,25.06458333333334,25.85454545454546,25.67622377622377,25.495104895104895,26.12847222222222,25.979166666666668,25.82638888888889,25.327777777777783,25.061111111111124,25.18958333333334,24.92986111111111,25.206249999999997
2018,7,14,0,0,0,5,195,-1,26.495138888888885,26.12847222222222,25.979166666666668,25.82638888888889,25.327777777777783,25.18958333333334,25.061111111111124,25.206249999999997,24.92986111111111,25.06458333333334,26.386111111111106,26.59999999999999
2018,7,15,0,0,0,6,196,-1,26.77777777777779,25.327777777777783,25.18958333333334,25.061111111111124,25.206249999999997,25.06458333333334,24.92986111111111,26.59999999999999,26.386111111111106,26.495138888888885,26.663194444444436,26.901388888888892
2018,7,16,0,0,0,0,197,-1,26.918055555555558,25.206249999999997,25.06458333333334,24.92986111111111,26.59999999999999,26.495138888888885,26.386111111111106,26.901388888888892,26.663194444444436,26.77777777777779,26.73611111111111,27.095833333333342
2018,7,17,0,0,0,1,198,-1,27.086111111111098,26.59999999999999,26.495138888888885,26.386111111111106,26.901388888888892,26.77777777777779,26.663194444444436,27.095833333333342,26.73611111111111,26.918055555555558,26.915972222222226,27.238194444444453
2018,7,18,0,0,0,2,199,-1,26.92152777777778,26.901388888888892,26.77777777777779,26.663194444444436,27.095833333333342,26.918055555555558,26.73611111111111,27.238194444444453,26.915972222222226,27.086111111111098,26.773611111111112,27.081250000000008
2018,7,19,0,0,0,3,200,-1,26.304861111111116,27.095833333333342,26.918055555555558,26.73611111111111,27.238194444444453,27.086111111111098,26.915972222222226,27.081250000000008,26.773611111111112,26.92152777777778,26.159027777777784,26.44097222222222
2018,7,20,0,0,0,4,201,-1,25.702083333333338,27.238194444444453,27.086111111111098,26.915972222222226,27.081250000000008,26.92152777777778,26.773611111111112,26.44097222222222,26.159027777777784,26.304861111111116,25.57638888888888,25.832638888888884
2018,7,21,0,0,0,5,202,-1,25.72916666666667,27.081250000000008,26.92152777777778,26.773611111111112,26.44097222222222,26.304861111111116,26.159027777777784,25.832638888888884,25.57638888888888,25.702083333333338,25.59513888888889,25.853472222222226
2018,7,22,0,0,0,6,203,-1,26.333333333333336,26.44097222222222,26.304861111111116,26.159027777777784,25.832638888888884,25.702083333333338,25.57638888888888,25.853472222222226,25.59513888888889,25.72916666666667,26.21319444444445,26.45833333333333
2018,7,23,0,0,0,0,204,-1,27.43472222222223,25.832638888888884,25.702083333333338,25.57638888888888,25.853472222222226,25.72916666666667,25.59513888888889,26.45833333333333,26.21319444444445,26.333333333333336,27.30902777777779,27.566666666666677
2018,7,24,0,0,0,1,205,-1,27.749999999999993,25.853472222222226,25.72916666666667,25.59513888888889,26.45833333333333,26.333333333333336,26.21319444444445,27.566666666666677,27.30902777777779,27.43472222222223,27.58125,27.894444444444453
2018,7,25,0,0,0,2,206,-1,30.038194444444425,26.45833333333333,26.333333333333336,26.21319444444445,27.566666666666677,27.43472222222223,27.30902777777779,27.894444444444453,27.58125,27.749999999999993,29.857638888888896,30.234722222222235
2018,7,26,0,0,0,3,207,-1,26.77291666666667,27.566666666666677,27.43472222222223,27.30902777777779,27.894444444444453,27.749999999999993,27.58125,30.234722222222235,29.857638888888896,30.038194444444425,26.639583333333334,26.911805555555556
2018,7,27,0,0,0,4,208,-1,26.209027777777788,27.894444444444453,27.749999999999993,27.58125,30.234722222222235,30.038194444444425,29.857638888888896,26.911805555555556,26.639583333333334,26.77291666666667,26.052777777777774,26.357638888888886
2018,7,28,0,0,0,5,209,-1,25.578472222222224,30.234722222222235,30.038194444444425,29.857638888888896,26.911805555555556,26.77291666666667,26.639583333333334,26.357638888888886,26.052777777777774,26.209027777777788,25.427083333333336,25.72152777777778
2018,7,29,0,0,0,6,210,-1,25.759722222222223,26.911805555555556,26.77291666666667,26.639583333333334,26.357638888888886,26.209027777777788,26.052777777777774,25.72152777777778,25.427083333333336,25.578472222222224,25.618750000000006,25.90416666666667
2018,7,30,0,0,0,0,211,-1,25.788888888888895,26.357638888888886,26.209027777777788,26.052777777777774,25.72152777777778,25.578472222222224,25.427083333333336,25.90416666666667,25.618750000000006,25.759722222222223,25.63541666666667,25.93958333333334
2018,7,31,0,0,0,1,212,-1,25.73125000000001,25.72152777777778,25.578472222222224,25.427083333333336,25.90416666666667,25.759722222222223,25.618750000000006,25.93958333333334,25.63541666666667,25.788888888888895,25.585416666666656,25.876388888888872
2018,8,1,0,0,0,2,213,-1,25.717361111111117,25.90416666666667,25.759722222222223,25.618750000000006,25.93958333333334,25.788888888888895,25.63541666666667,25.876388888888872,25.585416666666656,25.73125000000001,25.58194444444443,25.86458333333333
2018,8,2,0,0,0,3,214,-1,25.89861111111111,25.93958333333334,25.788888888888895,25.63541666666667,25.876388888888872,25.73125000000001,25.585416666666656,25.86458333333333,25.58194444444443,25.717361111111117,25.748611111111114,26.051388888888894
2018,8,3,0,0,0,4,215,-1,26.98888888888888,25.876388888888872,25.73125000000001,25.585416666666656,25.86458333333333,25.717361111111117,25.58194444444443,26.051388888888894,25.748611111111114,25.89861111111111,26.868749999999988,27.113194444444442
2018,8,4,0,0,0,5,216,-1,26.668055555555554,25.86458333333333,25.717361111111117,25.58194444444443,26.051388888888894,25.89861111111111,25.748611111111114,27.113194444444442,26.868749999999988,26.98888888888888,26.547222222222228,26.79652777777779
2018,8,5,0,0,0,6,217,-1,26.204861111111107,26.051388888888894,25.89861111111111,25.748611111111114,27.113194444444442,26.98888888888888,26.868749999999988,26.79652777777779,26.547222222222228,26.668055555555554,26.033333333333335,26.372916666666676
2018,8,6,0,0,0,0,218,-1,26.354861111111116,27.113194444444442,26.98888888888888,26.868749999999988,26.79652777777779,26.668055555555554,26.547222222222228,26.372916666666676,26.033333333333335,26.204861111111107,26.21319444444445,26.504861111111108
2018,8,7,0,0,0,1,219,-1,25.985416666666666,26.79652777777779,26.668055555555554,26.547222222222228,26.372916666666676,26.204861111111107,26.033333333333335,26.504861111111108,26.21319444444445,26.354861111111116,25.84166666666666,26.127083333333342
2018,8,8,0,0,0,2,220,-1,26.01250000000001,26.372916666666676,26.204861111111107,26.033333333333335,26.504861111111108,26.354861111111116,26.21319444444445,26.127083333333342,25.84166666666666,25.985416666666666,25.884027777777796,26.14027777777778
2018,8,9,0,0,0,3,221,-1,27.48958333333333,26.504861111111108,26.354861111111116,26.21319444444445,26.127083333333342,25.985416666666666,25.84166666666666,26.14027777777778,25.884027777777796,26.01250000000001,27.3388888888889,27.63402777777778
2018,8,10,0,0,0,4,222,-1,27.988194444444446,26.127083333333342,25.985416666666666,25.84166666666666,26.14027777777778,26.01250000000001,25.884027777777796,27.63402777777778,27.3388888888889,27.48958333333333,27.84236111111111,28.14305555555555
2018,8,11,0,0,0,5,223,-1,27.738194444444442,26.14027777777778,26.01250000000001,25.884027777777796,27.63402777777778,27.48958333333333,27.3388888888889,28.14305555555555,27.84236111111111,27.988194444444446,27.58402777777777,27.90069444444444
2018,8,12,0,0,0,6,224,-1,27.091666666666665,27.63402777777778,27.48958333333333,27.3388888888889,28.14305555555555,27.988194444444446,27.84236111111111,27.90069444444444,27.58402777777777,27.738194444444442,26.928472222222226,27.25833333333334
2018,8,13,0,0,0,0,225,-1,26.075000000000003,28.14305555555555,27.988194444444446,27.84236111111111,27.90069444444444,27.738194444444442,27.58402777777777,27.25833333333334,26.928472222222226,27.091666666666665,25.94166666666667,26.199305555555565
2018,8,14,0,0,0,1,226,-1,25.850349650349663,27.90069444444444,27.738194444444442,27.58402777777777,27.25833333333334,27.091666666666665,26.928472222222226,26.199305555555565,25.94166666666667,26.075000000000003,25.71258741258742,25.993006993006997
2018,8,15,0,0,0,2,227,-1,26.4375,27.25833333333334,27.091666666666665,26.928472222222226,26.199305555555565,26.075000000000003,25.94166666666667,25.993006993006997,25.71258741258742,25.850349650349663,26.295138888888893,26.58055555555556
2018,8,16,0,0,0,3,228,-1,25.95902777777777,26.199305555555565,26.075000000000003,25.94166666666667,25.993006993006997,25.850349650349663,25.71258741258742,26.58055555555556,26.295138888888893,26.4375,25.781944444444456,26.13541666666667
2018,8,17,0,0,0,4,229,-1,25.421527777777776,25.993006993006997,25.850349650349663,25.71258741258742,26.58055555555556,26.4375,26.295138888888893,26.13541666666667,25.781944444444456,25.95902777777777,25.274305555555557,25.574999999999992
2018,8,18,0,0,0,5,230,-1,25.59652777777777,26.58055555555556,26.4375,26.295138888888893,26.13541666666667,25.95902777777777,25.781944444444456,25.574999999999992,25.274305555555557,25.421527777777776,25.475694444444446,25.719444444444452
2018,8,19,0,0,0,6,231,-1,25.754166666666663,26.13541666666667,25.95902777777777,25.781944444444456,25.574999999999992,25.421527777777776,25.274305555555557,25.719444444444452,25.475694444444446,25.59652777777777,25.625,25.88958333333334
2018,8,20,0,0,0,0,232,-1,25.906249999999993,25.574999999999992,25.421527777777776,25.274305555555557,25.719444444444452,25.59652777777777,25.475694444444446,25.88958333333334,25.625,25.754166666666663,25.74652777777778,26.07777777777778
2018,8,21,0,0,0,1,233,-1,25.337500000000006,25.719444444444452,25.59652777777777,25.475694444444446,25.88958333333334,25.754166666666663,25.625,26.07777777777778,25.74652777777778,25.906249999999993,25.16041666666667,25.513888888888893
2018,8,22,0,0,0,2,234,-1,26.09027777777778,25.88958333333334,25.754166666666663,25.625,26.07777777777778,25.906249999999993,25.74652777777778,25.513888888888893,25.16041666666667,25.337500000000006,25.954166666666662,26.239583333333343
2018,8,23,0,0,0,3,235,-1,27.051388888888894,26.07777777777778,25.906249999999993,25.74652777777778,25.513888888888893,25.337500000000006,25.16041666666667,26.239583333333343,25.954166666666662,26.09027777777778,26.887500000000003,27.195833333333333
2018,8,24,0,0,0,4,236,-1,27.35208333333334,25.513888888888893,25.337500000000006,25.16041666666667,26.239583333333343,26.09027777777778,25.954166666666662,27.195833333333333,26.887500000000003,27.051388888888894,27.165972222222226,27.539583333333336
2018,8,25,0,0,0,5,237,-1,26.961111111111123,26.239583333333343,26.09027777777778,25.954166666666662,27.195833333333333,27.051388888888894,26.887500000000003,27.539583333333336,27.165972222222226,27.35208333333334,26.817361111111108,27.11666666666666
2018,8,26,0,0,0,6,238,-1,25.563194444444438,27.195833333333333,27.051388888888894,26.887500000000003,27.539583333333336,27.35208333333334,27.165972222222226,27.11666666666666,26.817361111111108,26.961111111111123,25.42638888888889,25.712500000000002
2018,8,27,0,0,0,0,239,-1,25.806944444444447,27.539583333333336,27.35208333333334,27.165972222222226,27.11666666666666,26.961111111111123,26.817361111111108,25.712500000000002,25.42638888888889,25.563194444444438,25.681944444444454,25.940972222222218
2018,8,28,0,0,0,1,240,-1,26.476388888888884,27.11666666666666,26.961111111111123,26.817361111111108,25.712500000000002,25.563194444444438,25.42638888888889,25.940972222222218,25.681944444444454,25.806944444444447,26.302777777777777,26.631944444444446
2018,8,29,0,0,0,2,241,-1,26.721259842519686,25.712500000000002,25.563194444444438,25.42638888888889,25.940972222222218,25.806944444444447,25.681944444444454,26.631944444444446,26.302777777777777,26.476388888888884,26.549606299212602,26.911023622047246
2018,8,30,0,0,0,3,242,-1,27.03749999999999,25.940972222222218,25.806944444444447,25.681944444444454,26.631944444444446,26.476388888888884,26.302777777777777,26.911023622047246,26.549606299212602,26.721259842519686,26.894444444444446,27.175694444444453
2018,8,31,0,0,0,4,243,-1,26.687500000000004,26.631944444444446,26.476388888888884,26.302777777777777,26.911023622047246,26.721259842519686,26.549606299212602,27.175694444444453,26.894444444444446,27.03749999999999,26.553472222222226,26.81597222222222
2018,9,1,0,0,0,5,244,-1,26.858333333333334,26.911023622047246,26.721259842519686,26.549606299212602,27.175694444444453,27.03749999999999,26.894444444444446,26.81597222222222,26.553472222222226,26.687500000000004,26.72291666666666,27.00069444444444
2018,9,2,0,0,0,6,245,-1,26.934027777777775,27.175694444444453,27.03749999999999,26.894444444444446,26.81597222222222,26.687500000000004,26.553472222222226,27.00069444444444,26.72291666666666,26.858333333333334,26.809027777777764,27.070138888888877
2018,9,3,0,0,0,0,246,-1,26.370138888888906,26.81597222222222,26.687500000000004,26.553472222222226,27.00069444444444,26.858333333333334,26.72291666666666,27.070138888888877,26.809027777777764,26.934027777777775,26.200000000000014,26.52986111111111
2018,9,4,0,0,0,1,247,-1,27.98194444444444,27.00069444444444,26.858333333333334,26.72291666666666,27.070138888888877,26.934027777777775,26.809027777777764,26.52986111111111,26.200000000000014,26.370138888888906,27.797916666666662,28.160416666666656
2018,9,5,0,0,0,2,248,-1,26.41180555555556,27.070138888888877,26.934027777777775,26.809027777777764,26.52986111111111,26.370138888888906,26.200000000000014,28.160416666666656,27.797916666666662,27.98194444444444,26.237499999999997,26.592361111111117
2018,9,6,0,0,0,3,249,-1,25.342361111111114,26.52986111111111,26.370138888888906,26.200000000000014,28.160416666666656,27.98194444444444,27.797916666666662,26.592361111111117,26.237499999999997,26.41180555555556,25.21388888888889,25.456944444444446
2018,9,7,0,0,0,4,250,-1,25.298611111111118,28.160416666666656,27.98194444444444,27.797916666666662,26.592361111111117,26.41180555555556,26.237499999999997,25.456944444444446,25.21388888888889,25.342361111111114,25.174999999999994,25.431250000000013
2018,9,8,0,0,0,5,251,-1,24.905555555555562,26.592361111111117,26.41180555555556,26.237499999999997,25.456944444444446,25.342361111111114,25.21388888888889,25.431250000000013,25.174999999999994,25.298611111111118,24.768750000000008,25.059027777777775
2018,9,9,0,0,0,6,252,-1,24.477083333333333,25.456944444444446,25.342361111111114,25.21388888888889,25.431250000000013,25.298611111111118,25.174999999999994,25.059027777777775,24.768750000000008,24.905555555555562,24.311805555555548,24.64999999999999
2018,9,10,0,0,0,0,253,-1,24.935416666666676,25.431250000000013,25.298611111111118,25.174999999999994,25.059027777777775,24.905555555555562,24.768750000000008,24.64999999999999,24.311805555555548,24.477083333333333,24.771527777777777,25.112499999999994
2018,9,11,0,0,0,1,254,-1,25.61250000000001,25.059027777777775,24.905555555555562,24.768750000000008,24.64999999999999,24.477083333333333,24.311805555555548,25.112499999999994,24.771527777777777,24.935416666666676,25.418055555555554,25.810416666666665
2018,9,12,0,0,0,2,255,-1,27.645833333333332,24.64999999999999,24.477083333333333,24.311805555555548,25.112499999999994,24.935416666666676,24.771527777777777,25.810416666666665,25.418055555555554,25.61250000000001,27.436805555555562,27.843749999999996
2018,9,13,0,0,0,3,256,-1,25.93402777777778,25.112499999999994,24.935416666666676,24.771527777777777,25.810416666666665,25.61250000000001,25.418055555555554,27.843749999999996,27.436805555555562,27.645833333333332,25.771527777777766,26.10694444444445
2018,9,14,0,0,0,4,257,-1,24.87222222222222,25.810416666666665,25.61250000000001,25.418055555555554,27.843749999999996,27.645833333333332,27.436805555555562,26.10694444444445,25.771527777777766,25.93402777777778,24.74375000000001,25.015277777777776
2018,9,15,0,0,0,5,258,-1,24.048611111111118,27.843749999999996,27.645833333333332,27.436805555555562,26.10694444444445,25.93402777777778,25.771527777777766,25.015277777777776,24.74375000000001,24.87222222222222,23.87986111111111,24.225694444444436
2018,9,16,0,0,0,6,259,-1,24.098611111111115,26.10694444444445,25.93402777777778,25.771527777777766,25.015277777777776,24.87222222222222,24.74375000000001,24.225694444444436,23.87986111111111,24.048611111111118,23.941666666666663,24.269444444444435
2018,9,17,0,0,0,0,260,-1,25.347916666666663,25.015277777777776,24.87222222222222,24.74375000000001,24.225694444444436,24.048611111111118,23.87986111111111,24.269444444444435,23.941666666666663,24.098611111111115,25.19236111111112,25.500000000000007
2018,9,18,0,0,0,1,261,-1,25.40347222222222,24.225694444444436,24.048611111111118,23.87986111111111,24.269444444444435,24.098611111111115,23.941666666666663,25.500000000000007,25.19236111111112,25.347916666666663,25.269444444444453,25.553472222222233
2018,9,19,0,0,0,2,262,-1,25.193749999999998,24.269444444444435,24.098611111111115,23.941666666666663,25.500000000000007,25.347916666666663,25.19236111111112,25.553472222222233,25.269444444444453,25.40347222222222,25.06319444444447,25.32569444444446
2018,9,20,0,0,0,3,263,-1,24.96319444444445,25.500000000000007,25.347916666666663,25.19236111111112,25.553472222222233,25.40347222222222,25.269444444444453,25.32569444444446,25.06319444444447,25.193749999999998,24.811111111111117,25.11458333333333
2018,9,21,0,0,0,4,264,-1,23.738194444444446,25.553472222222233,25.40347222222222,25.269444444444453,25.32569444444446,25.193749999999998,25.06319444444447,25.11458333333333,24.811111111111117,24.96319444444445,23.568749999999998,23.90625
2018,9,22,0,0,0,5,265,-1,24.961111111111123,25.32569444444446,25.193749999999998,25.06319444444447,25.11458333333333,24.96319444444445,24.811111111111117,23.90625,23.568749999999998,23.738194444444446,24.820138888888888,25.11805555555555
2018,9,23,0,0,0,6,266,-1,24.76180555555557,25.11458333333333,24.96319444444445,24.811111111111117,23.90625,23.738194444444446,23.568749999999998,25.11805555555555,24.820138888888888,24.961111111111123,24.590277777777786,24.931944444444447
2018,9,24,0,0,0,0,267,-1,26.248611111111117,23.90625,23.738194444444446,23.568749999999998,25.11805555555555,24.961111111111123,24.820138888888888,24.931944444444447,24.590277777777786,24.76180555555557,26.071527777777774,26.425000000000004
2018,9,25,0,0,0,1,268,-1,24.67222222222222,25.11805555555555,24.961111111111123,24.820138888888888,24.931944444444447,24.76180555555557,24.590277777777786,26.425000000000004,26.071527777777774,26.248611111111117,24.51875000000001,24.83125000000001
2018,9,26,0,0,0,2,269,-1,24.22430555555556,24.931944444444447,24.76180555555557,24.590277777777786,26.425000000000004,26.248611111111117,26.071527777777774,24.83125000000001,24.51875000000001,24.67222222222222,24.051388888888887,24.399305555555546
2018,9,27,0,0,0,3,270,-1,24.111111111111114,26.425000000000004,26.248611111111117,26.071527777777774,24.83125000000001,24.67222222222222,24.51875000000001,24.399305555555546,24.051388888888887,24.22430555555556,23.94236111111112,24.279861111111117
2018,9,28,0,0,0,4,271,-1,24.915277777777774,24.83125000000001,24.67222222222222,24.51875000000001,24.399305555555546,24.22430555555556,24.051388888888887,24.279861111111117,23.94236111111112,24.111111111111114,24.686111111111103,25.126388888888883
2018,9,29,0,0,0,5,272,-1,26.932638888888878,24.399305555555546,24.22430555555556,24.051388888888887,24.279861111111117,24.111111111111114,23.94236111111112,25.126388888888883,24.686111111111103,24.915277777777774,26.718749999999982,27.13402777777779
2018,9,30,0,0,0,6,273,-1,31.925000000000004,24.279861111111117,24.111111111111114,23.94236111111112,25.126388888888883,24.915277777777774,24.686111111111103,27.13402777777779,26.718749999999982,26.932638888888878,31.720138888888894,32.13611111111111
2018,10,1,0,0,0,0,274,-1,26.11041666666666,25.126388888888883,24.915277777777774,24.686111111111103,27.13402777777779,26.932638888888878,26.718749999999982,32.13611111111111,31.720138888888894,31.925000000000004,25.949305555555572,26.271527777777788
2018,10,2,0,0,0,1,275,-1,27.065972222222225,27.13402777777779,26.932638888888878,26.718749999999982,32.13611111111111,31.925000000000004,31.720138888888894,26.271527777777788,25.949305555555572,26.11041666666666,26.865972222222236,27.252083333333342
2018,10,3,0,0,0,2,276,-1,27.06180555555555,32.13611111111111,31.925000000000004,31.720138888888894,26.271527777777788,26.11041666666666,25.949305555555572,27.252083333333342,26.865972222222236,27.065972222222225,26.838194444444444,27.274305555555546
2018,10,4,0,0,0,3,277,-1,24.63055555555555,26.271527777777788,26.11041666666666,25.949305555555572,27.252083333333342,27.065972222222225,26.865972222222236,27.274305555555546,26.838194444444444,27.06180555555555,24.47291666666667,24.787500000000005
2018,10,5,0,0,0,4,278,-1,23.093055555555555,27.252083333333342,27.065972222222225,26.865972222222236,27.274305555555546,27.06180555555555,26.838194444444444,24.787500000000005,24.47291666666667,24.63055555555555,22.928472222222226,23.238888888888894
2018,10,6,0,0,0,5,279,-1,23.99583333333334,27.274305555555546,27.06180555555555,26.838194444444444,24.787500000000005,24.63055555555555,24.47291666666667,23.238888888888894,22.928472222222226,23.093055555555555,23.847222222222225,24.152083333333344
2018,10,7,0,0,0,6,280,-1,22.866666666666674,24.787500000000005,24.63055555555555,24.47291666666667,23.238888888888894,23.093055555555555,22.928472222222226,24.152083333333344,23.847222222222225,23.99583333333334,22.71388888888889,23.013888888888886
2018,10,8,0,0,0,0,281,-1,22.72083333333332,23.238888888888894,23.093055555555555,22.928472222222226,24.152083333333344,23.99583333333334,23.847222222222225,23.013888888888886,22.71388888888889,22.866666666666674,22.562500000000007,22.890972222222228
2018,10,9,0,0,0,1,282,-1,22.34097222222222,24.152083333333344,23.99583333333334,23.847222222222225,23.013888888888886,22.866666666666674,22.71388888888889,22.890972222222228,22.562500000000007,22.72083333333332,22.154861111111117,22.53680555555556
2018,10,10,0,0,0,2,283,-1,22.47083333333332,23.013888888888886,22.866666666666674,22.71388888888889,22.890972222222228,22.72083333333332,22.562500000000007,22.53680555555556,22.154861111111117,22.34097222222222,22.303472222222233,22.626388888888897
2018,10,11,0,0,0,3,284,-1,22.095138888888883,22.890972222222228,22.72083333333332,22.562500000000007,22.53680555555556,22.34097222222222,22.154861111111117,22.626388888888897,22.303472222222233,22.47083333333332,21.94444444444442,22.23888888888888
2018,10,12,0,0,0,4,285,-1,21.7673611111111,22.53680555555556,22.34097222222222,22.154861111111117,22.626388888888897,22.47083333333332,22.303472222222233,22.23888888888888,21.94444444444442,22.095138888888883,21.63333333333334,21.90902777777779
2018,10,13,0,0,0,5,286,-1,21.945138888888888,22.626388888888897,22.47083333333332,22.303472222222233,22.23888888888888,22.095138888888883,21.94444444444442,21.90902777777779,21.63333333333334,21.7673611111111,21.76180555555554,22.13055555555555
2018,10,14,0,0,0,6,287,-1,22.52847222222222,22.23888888888888,22.095138888888883,21.94444444444442,21.90902777777779,21.7673611111111,21.63333333333334,22.13055555555555,21.76180555555554,21.945138888888888,22.35902777777778,22.706249999999997
2018,10,15,0,0,0,0,288,-1,22.283333333333335,21.90902777777779,21.7673611111111,21.63333333333334,22.13055555555555,21.945138888888888,21.76180555555554,22.706249999999997,22.35902777777778,22.52847222222222,22.16458333333333,22.426388888888894
2018,10,16,0,0,0,1,289,-1,22.516666666666673,22.13055555555555,21.945138888888888,21.76180555555554,22.706249999999997,22.52847222222222,22.35902777777778,22.426388888888894,22.16458333333333,22.283333333333335,22.390972222222224,22.645138888888876
2018,10,17,0,0,0,2,290,-1,22.719444444444445,22.706249999999997,22.52847222222222,22.35902777777778,22.426388888888894,22.283333333333335,22.16458333333333,22.645138888888876,22.390972222222224,22.516666666666673,22.58680555555556,22.83402777777778
2018,10,18,0,0,0,3,291,-1,23.00486111111112,22.426388888888894,22.283333333333335,22.16458333333333,22.645138888888876,22.516666666666673,22.390972222222224,22.83402777777778,22.58680555555556,22.719444444444445,22.883333333333336,23.12569444444445
2018,10,19,0,0,0,4,292,-1,23.35972222222222,22.645138888888876,22.516666666666673,22.390972222222224,22.83402777777778,22.719444444444445,22.58680555555556,23.12569444444445,22.883333333333336,23.00486111111112,23.207638888888898,23.5
2018,10,20,0,0,0,5,293,-1,22.086805555555564,22.83402777777778,22.719444444444445,22.58680555555556,23.12569444444445,23.00486111111112,22.883333333333336,23.5,23.207638888888898,23.35972222222222,21.90069444444445,22.264583333333338
2018,10,21,0,0,0,6,294,-1,20.259027777777778,23.12569444444445,23.00486111111112,22.883333333333336,23.5,23.35972222222222,23.207638888888898,22.264583333333338,21.90069444444445,22.086805555555564,20.081249999999997,20.429166666666674
2018,10,22,0,0,0,0,295,-1,24.648611111111116,23.5,23.35972222222222,23.207638888888898,22.264583333333338,22.086805555555564,21.90069444444445,20.429166666666674,20.081249999999997,20.259027777777778,24.467361111111128,24.820833333333336
2018,10,23,0,0,0,1,296,-1,27.404861111111103,22.264583333333338,22.086805555555564,21.90069444444445,20.429166666666674,20.259027777777778,20.081249999999997,24.820833333333336,24.467361111111128,24.648611111111116,27.201388888888886,27.60208333333331
2018,10,24,0,0,0,2,297,-1,26.886805555555547,20.429166666666674,20.259027777777778,20.081249999999997,24.820833333333336,24.648611111111116,24.467361111111128,27.60208333333331,27.201388888888886,27.404861111111103,26.609027777777783,27.150000000000006
2018,10,25,0,0,0,3,298,-1,22.177611940298497,24.820833333333336,24.648611111111116,24.467361111111128,27.60208333333331,27.404861111111103,27.201388888888886,27.150000000000006,26.609027777777783,26.886805555555547,22.00149253731342,22.377611940298504
2018,10,26,0,0,0,4,299,-1,16.66875,27.60208333333331,27.404861111111103,27.201388888888886,27.150000000000006,26.886805555555547,26.609027777777783,22.377611940298504,22.00149253731342,22.177611940298497,16.54305555555556,16.80486111111111
2018,10,27,0,0,0,5,300,-1,16.497916666666654,27.150000000000006,26.886805555555547,26.609027777777783,22.377611940298504,22.177611940298497,22.00149253731342,16.80486111111111,16.54305555555556,16.66875,16.299305555555552,16.69375000000001
2018,10,28,0,0,0,6,301,-1,18.121527777777786,22.377611940298504,22.177611940298497,22.00149253731342,16.80486111111111,16.66875,16.54305555555556,16.69375000000001,16.299305555555552,16.497916666666654,17.984722222222214,18.268750000000004
2018,10,29,0,0,0,0,302,-1,19.861805555555552,16.80486111111111,16.66875,16.54305555555556,16.69375000000001,16.497916666666654,16.299305555555552,18.268750000000004,17.984722222222214,18.121527777777786,19.704166666666666,20.025000000000002
2018,10,30,0,0,0,1,303,-1,21.06319444444445,16.69375000000001,16.497916666666654,16.299305555555552,18.268750000000004,18.121527777777786,17.984722222222214,20.025000000000002,19.704166666666666,19.861805555555552,20.910416666666674,21.211805555555557
2018,10,31,0,0,0,2,304,-1,22.100694444444443,18.268750000000004,18.121527777777786,17.984722222222214,20.025000000000002,19.861805555555552,19.704166666666666,21.211805555555557,20.910416666666674,21.06319444444445,21.94305555555556,22.250000000000007
2018,11,1,0,0,0,3,305,-1,22.642361111111118,20.025000000000002,19.861805555555552,19.704166666666666,21.211805555555557,21.06319444444445,20.910416666666674,22.250000000000007,21.94305555555556,22.100694444444443,22.494444444444433,22.797916666666676
2018,11,2,0,0,0,4,306,-1,22.7625,21.211805555555557,21.06319444444445,20.910416666666674,22.250000000000007,22.100694444444443,21.94305555555556,22.797916666666676,22.494444444444433,22.642361111111118,22.592361111111117,22.933333333333344
2018,11,3,0,0,0,5,307,-1,21.50833333333334,22.250000000000007,22.100694444444443,21.94305555555556,22.797916666666676,22.642361111111118,22.494444444444433,22.933333333333344,22.592361111111117,22.7625,21.355555555555554,21.674305555555563
2018,11,4,0,0,0,6,308,-1,17.379720279720285,22.797916666666676,22.642361111111118,22.494444444444433,22.933333333333344,22.7625,22.592361111111117,21.674305555555563,21.355555555555554,21.50833333333334,17.177622377622374,17.576923076923087
2018,11,5,0,0,0,0,309,-1,15.781250000000004,22.933333333333344,22.7625,22.592361111111117,21.674305555555563,21.50833333333334,21.355555555555554,17.576923076923087,17.177622377622374,17.379720279720285,15.605555555555554,15.9576388888889
2018,11,6,0,0,0,1,310,-1,17.154861111111117,21.674305555555563,21.50833333333334,21.355555555555554,17.576923076923087,17.379720279720285,17.177622377622374,15.9576388888889,15.605555555555554,15.781250000000004,17.004861111111115,17.316666666666666
2018,11,7,0,0,0,2,311,-1,18.472916666666666,17.576923076923087,17.379720279720285,17.177622377622374,15.9576388888889,15.781250000000004,15.605555555555554,17.316666666666666,17.004861111111115,17.154861111111117,18.26111111111112,18.66458333333334
2018,11,8,0,0,0,3,312,-1,18.883333333333333,15.9576388888889,15.781250000000004,15.605555555555554,17.316666666666666,17.154861111111117,17.004861111111115,18.66458333333334,18.26111111111112,18.472916666666666,18.756250000000005,19.01111111111111
2018,11,9,0,0,0,4,313,-1,17.468055555555544,17.316666666666666,17.154861111111117,17.004861111111115,18.66458333333334,18.472916666666666,18.26111111111112,19.01111111111111,18.756250000000005,18.883333333333333,17.317361111111108,17.614583333333346
2018,11,10,0,0,0,5,314,-1,17.763194444444448,18.66458333333334,18.472916666666666,18.26111111111112,19.01111111111111,18.883333333333333,18.756250000000005,17.614583333333346,17.317361111111108,17.468055555555544,17.64166666666667,17.88541666666667
2018,11,11,0,0,0,6,315,-1,17.754861111111122,19.01111111111111,18.883333333333333,18.756250000000005,17.614583333333346,17.468055555555544,17.317361111111108,17.88541666666667,17.64166666666667,17.763194444444448,17.577777777777793,17.940972222222218
2018,11,12,0,0,0,0,316,-1,15.813888888888894,17.614583333333346,17.468055555555544,17.317361111111108,17.88541666666667,17.763194444444448,17.64166666666667,17.940972222222218,17.577777777777793,17.754861111111122,15.594444444444443,16.03958333333334
2018,11,13,0,0,0,1,317,-1,18.17847222222222,17.88541666666667,17.763194444444448,17.64166666666667,17.940972222222218,17.754861111111122,17.577777777777793,16.03958333333334,15.594444444444443,15.813888888888894,18.016666666666673,18.341666666666672
2018,11,14,0,0,0,2,318,-1,16.371631205673758,17.940972222222218,17.754861111111122,17.577777777777793,16.03958333333334,15.813888888888894,15.594444444444443,18.341666666666672,18.016666666666673,18.17847222222222,16.254609929078022,16.502127659574473
2018,11,15,0,0,0,3,319,-1,14.932638888888894,16.03958333333334,15.813888888888894,15.594444444444443,18.341666666666672,18.17847222222222,18.016666666666673,16.502127659574473,16.254609929078022,16.371631205673758,14.730555555555558,15.133333333333326
2018,11,16,0,0,0,4,320,-1,14.174999999999994,18.341666666666672,18.17847222222222,18.016666666666673,16.502127659574473,16.371631205673758,16.254609929078022,15.133333333333326,14.730555555555558,14.932638888888894,14.077777777777774,14.284027777777778
2018,11,17,0,0,0,5,321,-1,16.34444444444445,16.502127659574473,16.371631205673758,16.254609929078022,15.133333333333326,14.932638888888894,14.730555555555558,14.284027777777778,14.077777777777774,14.174999999999994,16.206250000000008,16.481944444444448
2018,11,18,0,0,0,6,322,-1,18.854861111111116,15.133333333333326,14.932638888888894,14.730555555555558,14.284027777777778,14.174999999999994,14.077777777777774,16.481944444444448,16.206250000000008,16.34444444444445,18.737500000000004,18.974305555555553
2018,11,19,0,0,0,0,323,-1,20.384722222222234,14.284027777777778,14.174999999999994,14.077777777777774,16.481944444444448,16.34444444444445,16.206250000000008,18.974305555555553,18.737500000000004,18.854861111111116,20.23055555555555,20.544444444444437
2018,11,20,0,0,0,1,324,-1,19.075000000000003,16.481944444444448,16.34444444444445,16.206250000000008,18.974305555555553,18.854861111111116,18.737500000000004,20.544444444444437,20.23055555555555,20.384722222222234,18.845833333333328,19.290972222222216
2018,11,21,0,0,0,2,325,-1,17.534027777777776,18.974305555555553,18.854861111111116,18.737500000000004,20.544444444444437,20.384722222222234,20.23055555555555,19.290972222222216,18.845833333333328,19.075000000000003,17.436805555555566,17.619444444444454
2018,11,22,0,0,0,3,326,-1,15.117361111111101,20.544444444444437,20.384722222222234,20.23055555555555,19.290972222222216,19.075000000000003,18.845833333333328,17.619444444444454,17.436805555555566,17.534027777777776,14.94930555555555,15.274305555555555
2018,11,23,0,0,0,4,327,-1,12.899999999999993,19.290972222222216,19.075000000000003,18.845833333333328,17.619444444444454,17.534027777777776,17.436805555555566,15.274305555555555,14.94930555555555,15.117361111111101,12.804861111111112,13.014583333333329
2018,11,24,0,0,0,5,328,-1,14.036805555555553,17.619444444444454,17.534027777777776,17.436805555555566,15.274305555555555,15.117361111111101,14.94930555555555,13.014583333333329,12.804861111111112,12.899999999999993,13.93611111111111,14.142361111111109
2018,11,25,0,0,0,6,329,-1,13.646527777777779,15.274305555555555,15.117361111111101,14.94930555555555,13.014583333333329,12.899999999999993,12.804861111111112,14.142361111111109,13.93611111111111,14.036805555555553,13.51319444444444,13.795833333333327
2018,11,26,0,0,0,0,330,-1,15.047916666666671,13.014583333333329,12.899999999999993,12.804861111111112,14.142361111111109,14.036805555555553,13.93611111111111,13.795833333333327,13.51319444444444,13.646527777777779,14.872222222222218,15.21805555555555
2018,11,27,0,0,0,1,331,-1,17.25555555555555,14.142361111111109,14.036805555555553,13.93611111111111,13.795833333333327,13.646527777777779,13.51319444444444,15.21805555555555,14.872222222222218,15.047916666666671,17.095138888888894,17.41875
2018,11,28,0,0,0,2,332,-1,19.163888888888874,13.795833333333327,13.646527777777779,13.51319444444444,15.21805555555555,15.047916666666671,14.872222222222218,17.41875,17.095138888888894,17.25555555555555,19.012499999999996,19.31874999999998
2018,11,29,0,0,0,3,333,-1,19.60694444444445,15.21805555555555,15.047916666666671,14.872222222222218,17.41875,17.25555555555555,17.095138888888894,19.31874999999998,19.012499999999996,19.163888888888874,19.486111111111104,19.731250000000003
2018,11,30,0,0,0,4,334,-1,16.356250000000006,17.41875,17.25555555555555,17.095138888888894,19.31874999999998,19.163888888888874,19.012499999999996,19.731250000000003,19.486111111111104,19.60694444444445,16.16944444444444,16.554166666666653
2018,12,1,0,0,0,5,335,-1,13.990277777777777,19.31874999999998,19.163888888888874,19.012499999999996,19.731250000000003,19.60694444444445,19.486111111111104,16.554166666666653,16.16944444444444,16.356250000000006,13.839583333333339,14.145833333333334
2018,12,2,0,0,0,6,336,-1,15.457638888888887,19.731250000000003,19.60694444444445,19.486111111111104,16.554166666666653,16.356250000000006,16.16944444444444,14.145833333333334,13.839583333333339,13.990277777777777,15.318055555555556,15.591666666666669
2018,12,3,0,0,0,0,337,-1,16.468055555555548,16.554166666666653,16.356250000000006,16.16944444444444,14.145833333333334,13.990277777777777,13.839583333333339,15.591666666666669,15.318055555555556,15.457638888888887,16.344444444444434,16.597222222222225
2018,12,4,0,0,0,1,338,-1,15.27986111111111,14.145833333333334,13.990277777777777,13.839583333333339,15.591666666666669,15.457638888888887,15.318055555555556,16.597222222222225,16.344444444444434,16.468055555555548,15.134722222222216,15.434027777777775
2018,12,5,0,0,0,2,339,-1,14.520138888888884,15.591666666666669,15.457638888888887,15.318055555555556,16.597222222222225,16.468055555555548,16.344444444444434,15.434027777777775,15.134722222222216,15.27986111111111,14.303472222222231,14.719444444444441
2018,12,6,0,0,0,3,340,-1,11.895138888888882,16.597222222222225,16.468055555555548,16.344444444444434,15.434027777777775,15.27986111111111,15.134722222222216,14.719444444444441,14.303472222222231,14.520138888888884,11.811805555555559,11.987499999999994
2018,12,7,0,0,0,4,341,-1,10.88125,15.434027777777775,15.27986111111111,15.134722222222216,14.719444444444441,14.520138888888884,14.303472222222231,11.987499999999994,11.811805555555559,11.895138888888882,10.836111111111114,10.92013888888889
2018,12,8,0,0,0,5,342,-1,11.013194444444439,14.719444444444441,14.520138888888884,14.303472222222231,11.987499999999994,11.895138888888882,11.811805555555559,10.92013888888889,10.836111111111114,10.88125,10.97083333333333,11.040277777777774
2018,12,9,0,0,0,6,343,-1,12.670138888888886,11.987499999999994,11.895138888888882,11.811805555555559,10.92013888888889,10.88125,10.836111111111114,11.040277777777774,10.97083333333333,11.013194444444439,12.562499999999996,12.785416666666666
2018,12,10,0,0,0,0,344,-1,12.280419580419581,10.92013888888889,10.88125,10.836111111111114,11.040277777777774,11.013194444444439,10.97083333333333,12.785416666666666,12.562499999999996,12.670138888888886,12.102097902097897,12.456643356643355
2018,12,11,0,0,0,1,345,-1,13.510416666666668,11.040277777777774,11.013194444444439,10.97083333333333,12.785416666666666,12.670138888888886,12.562499999999996,12.456643356643355,12.102097902097897,12.280419580419581,13.39097222222222,13.627777777777775
2018,12,12,0,0,0,2,346,-1,13.458333333333343,12.785416666666666,12.670138888888886,12.562499999999996,12.456643356643355,12.280419580419581,12.102097902097897,13.627777777777775,13.39097222222222,13.510416666666668,13.36666666666667,13.546527777777788
2018,12,13,0,0,0,3,347,-1,11.75416666666667,12.456643356643355,12.280419580419581,12.102097902097897,13.627777777777775,13.510416666666668,13.39097222222222,13.546527777777788,13.36666666666667,13.458333333333343,11.599999999999998,11.904166666666663
2018,12,14,0,0,0,4,348,-1,11.545833333333329,13.627777777777775,13.510416666666668,13.39097222222222,13.546527777777788,13.458333333333343,13.36666666666667,11.904166666666663,11.599999999999998,11.75416666666667,11.383333333333331,11.734722222222222
2018,12,15,0,0,0,5,349,-1,13.988888888888884,13.546527777777788,13.458333333333343,13.36666666666667,11.904166666666663,11.75416666666667,11.599999999999998,11.734722222222222,11.383333333333331,11.545833333333329,13.860416666666664,14.108333333333338
2018,12,16,0,0,0,6,350,-1,15.273611111111101,11.904166666666663,11.75416666666667,11.599999999999998,11.734722222222222,11.545833333333329,11.383333333333331,14.108333333333338,13.860416666666664,13.988888888888884,15.128472222222221,15.413888888888895
2018,12,17,0,0,0,0,351,-1,12.97569444444444,11.734722222222222,11.545833333333329,11.383333333333331,14.108333333333338,13.988888888888884,13.860416666666664,15.413888888888895,15.128472222222221,15.273611111111101,12.806249999999999,13.143750000000008
2018,12,18,0,0,0,1,352,-1,11.979861111111116,14.108333333333338,13.988888888888884,13.860416666666664,15.413888888888895,15.273611111111101,15.128472222222221,13.143750000000008,12.806249999999999,12.97569444444444,11.926388888888889,12.032638888888892
2018,12,19,0,0,0,2,353,-1,12.464583333333339,15.413888888888895,15.273611111111101,15.128472222222221,13.143750000000008,12.97569444444444,12.806249999999999,12.032638888888892,11.926388888888889,11.979861111111116,12.341666666666667,12.611805555555552
2018,12,20,0,0,0,3,354,-1,10.609722222222219,13.143750000000008,12.97569444444444,12.806249999999999,12.032638888888892,11.979861111111116,11.926388888888889,12.611805555555552,12.341666666666667,12.464583333333339,10.522916666666667,10.706249999999997
2018,12,21,0,0,0,4,355,-1,11.85277777777778,12.032638888888892,11.979861111111116,11.926388888888889,12.611805555555552,12.464583333333339,12.341666666666667,10.706249999999997,10.522916666666667,10.609722222222219,11.724305555555551,11.971527777777771
2018,12,22,0,0,0,5,356,-1,10.970138888888881,12.611805555555552,12.464583333333339,12.341666666666667,10.706249999999997,10.609722222222219,10.522916666666667,11.971527777777771,11.724305555555551,11.85277777777778,10.800000000000004,11.1375
2018,12,23,0,0,0,6,357,-1,11.25902777777778,10.706249999999997,10.609722222222219,10.522916666666667,11.971527777777771,11.85277777777778,11.724305555555551,11.1375,10.800000000000004,10.970138888888881,11.067361111111106,11.454166666666664
2018,12,24,0,0,0,0,358,-1,10.965277777777779,11.971527777777771,11.85277777777778,11.724305555555551,11.1375,10.970138888888881,10.800000000000004,11.454166666666664,11.067361111111106,11.25902777777778,10.804166666666669,11.111805555555563
2018,12,25,0,0,0,1,359,-1,12.825694444444446,11.1375,10.970138888888881,10.800000000000004,11.454166666666664,11.25902777777778,11.067361111111106,11.111805555555563,10.804166666666669,10.965277777777779,12.699305555555553,12.965972222222227
2018,12,26,0,0,0,2,360,-1,11.579166666666664,11.454166666666664,11.25902777777778,11.067361111111106,11.111805555555563,10.965277777777779,10.804166666666669,12.965972222222227,12.699305555555553,12.825694444444446,11.415277777777773,11.743749999999999
2018,12,27,0,0,0,3,361,-1,9.700000000000001,11.111805555555563,10.965277777777779,10.804166666666669,12.965972222222227,12.825694444444446,12.699305555555553,11.743749999999999,11.415277777777773,11.579166666666664,9.620138888888881,9.79027777777777
2018,12,28,0,0,0,4,362,-1,8.720138888888892,12.965972222222227,12.825694444444446,12.699305555555553,11.743749999999999,11.579166666666664,11.415277777777773,9.79027777777777,9.620138888888881,9.700000000000001,8.672222222222219,8.760416666666675
2018,12,29,0,0,0,5,363,-1,9.613888888888882,11.743749999999999,11.579166666666664,11.415277777777773,9.79027777777777,9.700000000000001,9.620138888888881,8.760416666666675,8.672222222222219,8.720138888888892,9.578472222222214,9.664583333333333
2018,12,30,0,0,0,6,364,-1,9.985416666666671,9.79027777777777,9.700000000000001,9.620138888888881,8.760416666666675,8.720138888888892,8.672222222222219,9.664583333333333,9.578472222222214,9.613888888888882,9.925000000000004,10.039583333333338
